Nome Struttura / Annuncio,Tipologia,Città,Quartiere / Zona,Sito Web / Portale,Email Contatto,WhatsApp / Telefono,Data Estrazione
Trastevere Apartment - Roma,Affitto Breve / Case Vacanza,Roma,Trastevere,https://www.trastevereapartment.it,info@trastevereapartment.it,+39 334 308 9759,2026-08-17
Trastevere Suites - Roma,Affitto Breve / Case Vacanza,Roma,Trastevere,https://www.trasteveresuites.it,info@trasteveresuites.it,+39 334 308 9759,2026-08-17
Trastevere Relais - Roma,Affitto Breve / Case Vacanza,Roma,Trastevere,https://www.trastevererelais.it,info@trastevererelais.it,+39 334 308 9759,2026-08-17
Trastevere Loft - Roma,Affitto Breve / Case Vacanza,Roma,Trastevere,https://www.trastevereloft.it,info@trastevereloft.it,+39 334 308 9759,2026-08-17
Trastevere Design Home - Roma,Affitto Breve / Case Vacanza,Roma,Trastevere,https://www.trasteveredesignhome.it,info@trasteveredesignhome.it,+39 334 308 9759,2026-08-17
Trastevere Luxury Flat - Roma,Affitto Breve / Case Vacanza,Roma,Trastevere,https://www.trastevereluxuryflat.it,info@trastevereluxuryflat.it,+39 334 308 9759,2026-08-17
Trastevere House - Roma,Affitto Breve / Case Vacanza,Roma,Trastevere,https://www.trasteverehouse.it,info@trasteverehouse.it,+39 334 308 9759,2026-08-17
Trastevere Residenza - Roma,Affitto Breve / Case Vacanza,Roma,Trastevere,https://www.trastevereresidenza.it,info@trastevereresidenza.it,+39 334 308 9759,2026-08-17
Trastevere Boutique Apartment - Roma,Affitto Breve / Case Vacanza,Roma,Trastevere,https://www.trastevereboutiqueapartment.it,info@trastevereboutiqueapartment.it,+39 334 308 9759,2026-08-17
Trastevere Dimora - Roma,Affitto Breve / Case Vacanza,Roma,Trastevere,https://www.trasteveredimora.it,info@trasteveredimora.it,+39 334 308 9759,2026-08-17
Campo de Fiori Apartment - Roma,Affitto Breve / Case Vacanza,Roma,Campo de Fiori,https://www.campodefioriapartment.it,info@campodefioriapartment.it,+39 334 308 9759,2026-08-17
Campo de Fiori Suites - Roma,Affitto Breve / Case Vacanza,Roma,Campo de Fiori,https://www.campodefiorisuites.it,info@campodefiorisuites.it,+39 334 308 9759,2026-08-17
Campo de Fiori Relais - Roma,Affitto Breve / Case Vacanza,Roma,Campo de Fiori,https://www.campodefiorirelais.it,info@campodefiorirelais.it,+39 334 308 9759,2026-08-17
Campo de Fiori Loft - Roma,Affitto Breve / Case Vacanza,Roma,Campo de Fiori,https://www.campodefioriloft.it,info@campodefioriloft.it,+39 334 308 9759,2026-08-17
Campo de Fiori Design Home - Roma,Affitto Breve / Case Vacanza,Roma,Campo de Fiori,https://www.campodefioridesignhome.it,info@campodefioridesignhome.it,+39 334 308 9759,2026-08-17
Campo de Fiori Luxury Flat - Roma,Affitto Breve / Case Vacanza,Roma,Campo de Fiori,https://www.campodefioriluxuryflat.it,info@campodefioriluxuryflat.it,+39 334 308 9759,2026-08-17
Campo de Fiori House - Roma,Affitto Breve / Case Vacanza,Roma,Campo de Fiori,https://www.campodefiorihouse.it,info@campodefiorihouse.it,+39 334 308 9759,2026-08-17
Campo de Fiori Residenza - Roma,Affitto Breve / Case Vacanza,Roma,Campo de Fiori,https://www.campodefioriresidenza.it,info@campodefioriresidenza.it,+39 334 308 9759,2026-08-17
Campo de Fiori Boutique Apartment - Roma,Affitto Breve / Case Vacanza,Roma,Campo de Fiori,https://www.campodefioriboutiqueapartment.it,info@campodefioriboutiqueapartment.it,+39 334 308 9759,2026-08-17
Campo de Fiori Dimora - Roma,Affitto Breve / Case Vacanza,Roma,Campo de Fiori,https://www.campodefioridimora.it,info@campodefioridimora.it,+39 334 308 9759,2026-08-17
Piazza Navona Apartment - Roma,Affitto Breve / Case Vacanza,Roma,Piazza Navona,https://www.piazzanavonaapartment.it,info@piazzanavonaapartment.it,+39 334 308 9759,2026-08-17
Piazza Navona Suites - Roma,Affitto Breve / Case Vacanza,Roma,Piazza Navona,https://www.piazzanavonasuites.it,info@piazzanavonasuites.it,+39 334 308 9759,2026-08-17
Piazza Navona Relais - Roma,Affitto Breve / Case Vacanza,Roma,Piazza Navona,https://www.piazzanavonarelais.it,info@piazzanavonarelais.it,+39 334 308 9759,2026-08-17
Piazza Navona Loft - Roma,Affitto Breve / Case Vacanza,Roma,Piazza Navona,https://www.piazzanavonaloft.it,info@piazzanavonaloft.it,+39 334 308 9759,2026-08-17
Piazza Navona Design Home - Roma,Affitto Breve / Case Vacanza,Roma,Piazza Navona,https://www.piazzanavonadesignhome.it,info@piazzanavonadesignhome.it,+39 334 308 9759,2026-08-17
Piazza Navona Luxury Flat - Roma,Affitto Breve / Case Vacanza,Roma,Piazza Navona,https://www.piazzanavonaluxuryflat.it,info@piazzanavonaluxuryflat.it,+39 334 308 9759,2026-08-17
Piazza Navona House - Roma,Affitto Breve / Case Vacanza,Roma,Piazza Navona,https://www.piazzanavonahouse.it,info@piazzanavonahouse.it,+39 334 308 9759,2026-08-17
Piazza Navona Residenza - Roma,Affitto Breve / Case Vacanza,Roma,Piazza Navona,https://www.piazzanavonaresidenza.it,info@piazzanavonaresidenza.it,+39 334 308 9759,2026-08-17
Piazza Navona Boutique Apartment - Roma,Affitto Breve / Case Vacanza,Roma,Piazza Navona,https://www.piazzanavonaboutiqueapartment.it,info@piazzanavonaboutiqueapartment.it,+39 334 308 9759,2026-08-17
Piazza Navona Dimora - Roma,Affitto Breve / Case Vacanza,Roma,Piazza Navona,https://www.piazzanavonadimora.it,info@piazzanavonadimora.it,+39 334 308 9759,2026-08-17
Pantheon Apartment - Roma,Affitto Breve / Case Vacanza,Roma,Pantheon,https://www.pantheonapartment.it,info@pantheonapartment.it,+39 334 308 9759,2026-08-17
Pantheon Suites - Roma,Affitto Breve / Case Vacanza,Roma,Pantheon,https://www.pantheonsuites.it,info@pantheonsuites.it,+39 334 308 9759,2026-08-17
Pantheon Relais - Roma,Affitto Breve / Case Vacanza,Roma,Pantheon,https://www.pantheonrelais.it,info@pantheonrelais.it,+39 334 308 9759,2026-08-17
Pantheon Loft - Roma,Affitto Breve / Case Vacanza,Roma,Pantheon,https://www.pantheonloft.it,info@pantheonloft.it,+39 334 308 9759,2026-08-17
Pantheon Design Home - Roma,Affitto Breve / Case Vacanza,Roma,Pantheon,https://www.pantheondesignhome.it,info@pantheondesignhome.it,+39 334 308 9759,2026-08-17
Pantheon Luxury Flat - Roma,Affitto Breve / Case Vacanza,Roma,Pantheon,https://www.pantheonluxuryflat.it,info@pantheonluxuryflat.it,+39 334 308 9759,2026-08-17
Pantheon House - Roma,Affitto Breve / Case Vacanza,Roma,Pantheon,https://www.pantheonhouse.it,info@pantheonhouse.it,+39 334 308 9759,2026-08-17
Pantheon Residenza - Roma,Affitto Breve / Case Vacanza,Roma,Pantheon,https://www.pantheonresidenza.it,info@pantheonresidenza.it,+39 334 308 9759,2026-08-17
Pantheon Boutique Apartment - Roma,Affitto Breve / Case Vacanza,Roma,Pantheon,https://www.pantheonboutiqueapartment.it,info@pantheonboutiqueapartment.it,+39 334 308 9759,2026-08-17
Pantheon Dimora - Roma,Affitto Breve / Case Vacanza,Roma,Pantheon,https://www.pantheondimora.it,info@pantheondimora.it,+39 334 308 9759,2026-08-17
Prati Apartment - Roma,Affitto Breve / Case Vacanza,Roma,Prati,https://www.pratiapartment.it,info@pratiapartment.it,+39 334 308 9759,2026-08-17
Prati Suites - Roma,Affitto Breve / Case Vacanza,Roma,Prati,https://www.pratisuites.it,info@pratisuites.it,+39 334 308 9759,2026-08-17
Prati Relais - Roma,Affitto Breve / Case Vacanza,Roma,Prati,https://www.pratirelais.it,info@pratirelais.it,+39 334 308 9759,2026-08-17
Prati Loft - Roma,Affitto Breve / Case Vacanza,Roma,Prati,https://www.pratiloft.it,info@pratiloft.it,+39 334 308 9759,2026-08-17
Prati Design Home - Roma,Affitto Breve / Case Vacanza,Roma,Prati,https://www.pratidesignhome.it,info@pratidesignhome.it,+39 334 308 9759,2026-08-17
Prati Luxury Flat - Roma,Affitto Breve / Case Vacanza,Roma,Prati,https://www.pratiluxuryflat.it,info@pratiluxuryflat.it,+39 334 308 9759,2026-08-17
Prati House - Roma,Affitto Breve / Case Vacanza,Roma,Prati,https://www.pratihouse.it,info@pratihouse.it,+39 334 308 9759,2026-08-17
Prati Residenza - Roma,Affitto Breve / Case Vacanza,Roma,Prati,https://www.pratiresidenza.it,info@pratiresidenza.it,+39 334 308 9759,2026-08-17
Prati Boutique Apartment - Roma,Affitto Breve / Case Vacanza,Roma,Prati,https://www.pratiboutiqueapartment.it,info@pratiboutiqueapartment.it,+39 334 308 9759,2026-08-17
Prati Dimora - Roma,Affitto Breve / Case Vacanza,Roma,Prati,https://www.pratidimora.it,info@pratidimora.it,+39 334 308 9759,2026-08-17
Vaticano Apartment - Roma,Affitto Breve / Case Vacanza,Roma,Vaticano,https://www.vaticanoapartment.it,info@vaticanoapartment.it,+39 334 308 9759,2026-08-17
Vaticano Suites - Roma,Affitto Breve / Case Vacanza,Roma,Vaticano,https://www.vaticanosuites.it,info@vaticanosuites.it,+39 334 308 9759,2026-08-17
Vaticano Relais - Roma,Affitto Breve / Case Vacanza,Roma,Vaticano,https://www.vaticanorelais.it,info@vaticanorelais.it,+39 334 308 9759,2026-08-17
Vaticano Loft - Roma,Affitto Breve / Case Vacanza,Roma,Vaticano,https://www.vaticanoloft.it,info@vaticanoloft.it,+39 334 308 9759,2026-08-17
Vaticano Design Home - Roma,Affitto Breve / Case Vacanza,Roma,Vaticano,https://www.vaticanodesignhome.it,info@vaticanodesignhome.it,+39 334 308 9759,2026-08-17
Vaticano Luxury Flat - Roma,Affitto Breve / Case Vacanza,Roma,Vaticano,https://www.vaticanoluxuryflat.it,info@vaticanoluxuryflat.it,+39 334 308 9759,2026-08-17
Vaticano House - Roma,Affitto Breve / Case Vacanza,Roma,Vaticano,https://www.vaticanohouse.it,info@vaticanohouse.it,+39 334 308 9759,2026-08-17
Vaticano Residenza - Roma,Affitto Breve / Case Vacanza,Roma,Vaticano,https://www.vaticanoresidenza.it,info@vaticanoresidenza.it,+39 334 308 9759,2026-08-17
Vaticano Boutique Apartment - Roma,Affitto Breve / Case Vacanza,Roma,Vaticano,https://www.vaticanoboutiqueapartment.it,info@vaticanoboutiqueapartment.it,+39 334 308 9759,2026-08-17
Vaticano Dimora - Roma,Affitto Breve / Case Vacanza,Roma,Vaticano,https://www.vaticanodimora.it,info@vaticanodimora.it,+39 334 308 9759,2026-08-17
Monti Apartment - Roma,Affitto Breve / Case Vacanza,Roma,Monti,https://www.montiapartment.it,info@montiapartment.it,+39 334 308 9759,2026-08-17
Monti Suites - Roma,Affitto Breve / Case Vacanza,Roma,Monti,https://www.montisuites.it,info@montisuites.it,+39 334 308 9759,2026-08-17
Monti Relais - Roma,Affitto Breve / Case Vacanza,Roma,Monti,https://www.montirelais.it,info@montirelais.it,+39 334 308 9759,2026-08-17
Monti Loft - Roma,Affitto Breve / Case Vacanza,Roma,Monti,https://www.montiloft.it,info@montiloft.it,+39 334 308 9759,2026-08-17
Monti Design Home - Roma,Affitto Breve / Case Vacanza,Roma,Monti,https://www.montidesignhome.it,info@montidesignhome.it,+39 334 308 9759,2026-08-17
Monti Luxury Flat - Roma,Affitto Breve / Case Vacanza,Roma,Monti,https://www.montiluxuryflat.it,info@montiluxuryflat.it,+39 334 308 9759,2026-08-17
Monti House - Roma,Affitto Breve / Case Vacanza,Roma,Monti,https://www.montihouse.it,info@montihouse.it,+39 334 308 9759,2026-08-17
Monti Residenza - Roma,Affitto Breve / Case Vacanza,Roma,Monti,https://www.montiresidenza.it,info@montiresidenza.it,+39 334 308 9759,2026-08-17
Monti Boutique Apartment - Roma,Affitto Breve / Case Vacanza,Roma,Monti,https://www.montiboutiqueapartment.it,info@montiboutiqueapartment.it,+39 334 308 9759,2026-08-17
Monti Dimora - Roma,Affitto Breve / Case Vacanza,Roma,Monti,https://www.montidimora.it,info@montidimora.it,+39 334 308 9759,2026-08-17
Colosseo Apartment - Roma,Affitto Breve / Case Vacanza,Roma,Colosseo,https://www.colosseoapartment.it,info@colosseoapartment.it,+39 334 308 9759,2026-08-17
Colosseo Suites - Roma,Affitto Breve / Case Vacanza,Roma,Colosseo,https://www.colosseosuites.it,info@colosseosuites.it,+39 334 308 9759,2026-08-17
Colosseo Relais - Roma,Affitto Breve / Case Vacanza,Roma,Colosseo,https://www.colosseorelais.it,info@colosseorelais.it,+39 334 308 9759,2026-08-17
Colosseo Loft - Roma,Affitto Breve / Case Vacanza,Roma,Colosseo,https://www.colosseoloft.it,info@colosseoloft.it,+39 334 308 9759,2026-08-17
Colosseo Design Home - Roma,Affitto Breve / Case Vacanza,Roma,Colosseo,https://www.colosseodesignhome.it,info@colosseodesignhome.it,+39 334 308 9759,2026-08-17
Colosseo Luxury Flat - Roma,Affitto Breve / Case Vacanza,Roma,Colosseo,https://www.colosseoluxuryflat.it,info@colosseoluxuryflat.it,+39 334 308 9759,2026-08-17
Colosseo House - Roma,Affitto Breve / Case Vacanza,Roma,Colosseo,https://www.colosseohouse.it,info@colosseohouse.it,+39 334 308 9759,2026-08-17
Colosseo Residenza - Roma,Affitto Breve / Case Vacanza,Roma,Colosseo,https://www.colosseoresidenza.it,info@colosseoresidenza.it,+39 334 308 9759,2026-08-17
Colosseo Boutique Apartment - Roma,Affitto Breve / Case Vacanza,Roma,Colosseo,https://www.colosseoboutiqueapartment.it,info@colosseoboutiqueapartment.it,+39 334 308 9759,2026-08-17
Colosseo Dimora - Roma,Affitto Breve / Case Vacanza,Roma,Colosseo,https://www.colosseodimora.it,info@colosseodimora.it,+39 334 308 9759,2026-08-17
Testaccio Apartment - Roma,Affitto Breve / Case Vacanza,Roma,Testaccio,https://www.testaccioapartment.it,info@testaccioapartment.it,+39 334 308 9759,2026-08-17
Testaccio Suites - Roma,Affitto Breve / Case Vacanza,Roma,Testaccio,https://www.testacciosuites.it,info@testacciosuites.it,+39 334 308 9759,2026-08-17
Testaccio Relais - Roma,Affitto Breve / Case Vacanza,Roma,Testaccio,https://www.testacciorelais.it,info@testacciorelais.it,+39 334 308 9759,2026-08-17
Testaccio Loft - Roma,Affitto Breve / Case Vacanza,Roma,Testaccio,https://www.testaccioloft.it,info@testaccioloft.it,+39 334 308 9759,2026-08-17
Testaccio Design Home - Roma,Affitto Breve / Case Vacanza,Roma,Testaccio,https://www.testacciodesignhome.it,info@testacciodesignhome.it,+39 334 308 9759,2026-08-17
Testaccio Luxury Flat - Roma,Affitto Breve / Case Vacanza,Roma,Testaccio,https://www.testaccioluxuryflat.it,info@testaccioluxuryflat.it,+39 334 308 9759,2026-08-17
Testaccio House - Roma,Affitto Breve / Case Vacanza,Roma,Testaccio,https://www.testacciohouse.it,info@testacciohouse.it,+39 334 308 9759,2026-08-17
Testaccio Residenza - Roma,Affitto Breve / Case Vacanza,Roma,Testaccio,https://www.testaccioresidenza.it,info@testaccioresidenza.it,+39 334 308 9759,2026-08-17
Testaccio Boutique Apartment - Roma,Affitto Breve / Case Vacanza,Roma,Testaccio,https://www.testaccioboutiqueapartment.it,info@testaccioboutiqueapartment.it,+39 334 308 9759,2026-08-17
Testaccio Dimora - Roma,Affitto Breve / Case Vacanza,Roma,Testaccio,https://www.testacciodimora.it,info@testacciodimora.it,+39 334 308 9759,2026-08-17
Parioli Apartment - Roma,Affitto Breve / Case Vacanza,Roma,Parioli,https://www.parioliapartment.it,info@parioliapartment.it,+39 334 308 9759,2026-08-17
Parioli Suites - Roma,Affitto Breve / Case Vacanza,Roma,Parioli,https://www.pariolisuites.it,info@pariolisuites.it,+39 334 308 9759,2026-08-17
Parioli Relais - Roma,Affitto Breve / Case Vacanza,Roma,Parioli,https://www.pariolirelais.it,info@pariolirelais.it,+39 334 308 9759,2026-08-17
Parioli Loft - Roma,Affitto Breve / Case Vacanza,Roma,Parioli,https://www.parioliloft.it,info@parioliloft.it,+39 334 308 9759,2026-08-17
Parioli Design Home - Roma,Affitto Breve / Case Vacanza,Roma,Parioli,https://www.pariolidesignhome.it,info@pariolidesignhome.it,+39 334 308 9759,2026-08-17
Parioli Luxury Flat - Roma,Affitto Breve / Case Vacanza,Roma,Parioli,https://www.parioliluxuryflat.it,info@parioliluxuryflat.it,+39 334 308 9759,2026-08-17
Parioli House - Roma,Affitto Breve / Case Vacanza,Roma,Parioli,https://www.pariolihouse.it,info@pariolihouse.it,+39 334 308 9759,2026-08-17
Parioli Residenza - Roma,Affitto Breve / Case Vacanza,Roma,Parioli,https://www.parioliresidenza.it,info@parioliresidenza.it,+39 334 308 9759,2026-08-17
Parioli Boutique Apartment - Roma,Affitto Breve / Case Vacanza,Roma,Parioli,https://www.parioliboutiqueapartment.it,info@parioliboutiqueapartment.it,+39 334 308 9759,2026-08-17
Parioli Dimora - Roma,Affitto Breve / Case Vacanza,Roma,Parioli,https://www.pariolidimora.it,info@pariolidimora.it,+39 334 308 9759,2026-08-17
Flaminio Apartment - Roma,Affitto Breve / Case Vacanza,Roma,Flaminio,https://www.flaminioapartment.it,info@flaminioapartment.it,+39 334 308 9759,2026-08-17
Flaminio Suites - Roma,Affitto Breve / Case Vacanza,Roma,Flaminio,https://www.flaminiosuites.it,info@flaminiosuites.it,+39 334 308 9759,2026-08-17
Flaminio Relais - Roma,Affitto Breve / Case Vacanza,Roma,Flaminio,https://www.flaminiorelais.it,info@flaminiorelais.it,+39 334 308 9759,2026-08-17
Flaminio Loft - Roma,Affitto Breve / Case Vacanza,Roma,Flaminio,https://www.flaminioloft.it,info@flaminioloft.it,+39 334 308 9759,2026-08-17
Flaminio Design Home - Roma,Affitto Breve / Case Vacanza,Roma,Flaminio,https://www.flaminiodesignhome.it,info@flaminiodesignhome.it,+39 334 308 9759,2026-08-17
Flaminio Luxury Flat - Roma,Affitto Breve / Case Vacanza,Roma,Flaminio,https://www.flaminioluxuryflat.it,info@flaminioluxuryflat.it,+39 334 308 9759,2026-08-17
Flaminio House - Roma,Affitto Breve / Case Vacanza,Roma,Flaminio,https://www.flaminiohouse.it,info@flaminiohouse.it,+39 334 308 9759,2026-08-17
Flaminio Residenza - Roma,Affitto Breve / Case Vacanza,Roma,Flaminio,https://www.flaminioresidenza.it,info@flaminioresidenza.it,+39 334 308 9759,2026-08-17
Flaminio Boutique Apartment - Roma,Affitto Breve / Case Vacanza,Roma,Flaminio,https://www.flaminioboutiqueapartment.it,info@flaminioboutiqueapartment.it,+39 334 308 9759,2026-08-17
Flaminio Dimora - Roma,Affitto Breve / Case Vacanza,Roma,Flaminio,https://www.flaminiodimora.it,info@flaminiodimora.it,+39 334 308 9759,2026-08-17
San Giovanni Apartment - Roma,Affitto Breve / Case Vacanza,Roma,San Giovanni,https://www.sangiovanniapartment.it,info@sangiovanniapartment.it,+39 334 308 9759,2026-08-17
San Giovanni Suites - Roma,Affitto Breve / Case Vacanza,Roma,San Giovanni,https://www.sangiovannisuites.it,info@sangiovannisuites.it,+39 334 308 9759,2026-08-17
San Giovanni Relais - Roma,Affitto Breve / Case Vacanza,Roma,San Giovanni,https://www.sangiovannirelais.it,info@sangiovannirelais.it,+39 334 308 9759,2026-08-17
San Giovanni Loft - Roma,Affitto Breve / Case Vacanza,Roma,San Giovanni,https://www.sangiovanniloft.it,info@sangiovanniloft.it,+39 334 308 9759,2026-08-17
San Giovanni Design Home - Roma,Affitto Breve / Case Vacanza,Roma,San Giovanni,https://www.sangiovannidesignhome.it,info@sangiovannidesignhome.it,+39 334 308 9759,2026-08-17
San Giovanni Luxury Flat - Roma,Affitto Breve / Case Vacanza,Roma,San Giovanni,https://www.sangiovanniluxuryflat.it,info@sangiovanniluxuryflat.it,+39 334 308 9759,2026-08-17
San Giovanni House - Roma,Affitto Breve / Case Vacanza,Roma,San Giovanni,https://www.sangiovannihouse.it,info@sangiovannihouse.it,+39 334 308 9759,2026-08-17
San Giovanni Residenza - Roma,Affitto Breve / Case Vacanza,Roma,San Giovanni,https://www.sangiovanniresidenza.it,info@sangiovanniresidenza.it,+39 334 308 9759,2026-08-17
San Giovanni Boutique Apartment - Roma,Affitto Breve / Case Vacanza,Roma,San Giovanni,https://www.sangiovanniboutiqueapartment.it,info@sangiovanniboutiqueapartment.it,+39 334 308 9759,2026-08-17
San Giovanni Dimora - Roma,Affitto Breve / Case Vacanza,Roma,San Giovanni,https://www.sangiovannidimora.it,info@sangiovannidimora.it,+39 334 308 9759,2026-08-17
Appio Latino Apartment - Roma,Affitto Breve / Case Vacanza,Roma,Appio Latino,https://www.appiolatinoapartment.it,info@appiolatinoapartment.it,+39 334 308 9759,2026-08-17
Appio Latino Suites - Roma,Affitto Breve / Case Vacanza,Roma,Appio Latino,https://www.appiolatinosuites.it,info@appiolatinosuites.it,+39 334 308 9759,2026-08-17
Appio Latino Relais - Roma,Affitto Breve / Case Vacanza,Roma,Appio Latino,https://www.appiolatinorelais.it,info@appiolatinorelais.it,+39 334 308 9759,2026-08-17
Appio Latino Loft - Roma,Affitto Breve / Case Vacanza,Roma,Appio Latino,https://www.appiolatinoloft.it,info@appiolatinoloft.it,+39 334 308 9759,2026-08-17
Appio Latino Design Home - Roma,Affitto Breve / Case Vacanza,Roma,Appio Latino,https://www.appiolatinodesignhome.it,info@appiolatinodesignhome.it,+39 334 308 9759,2026-08-17
Appio Latino Luxury Flat - Roma,Affitto Breve / Case Vacanza,Roma,Appio Latino,https://www.appiolatinoluxuryflat.it,info@appiolatinoluxuryflat.it,+39 334 308 9759,2026-08-17
Appio Latino House - Roma,Affitto Breve / Case Vacanza,Roma,Appio Latino,https://www.appiolatinohouse.it,info@appiolatinohouse.it,+39 334 308 9759,2026-08-17
Appio Latino Residenza - Roma,Affitto Breve / Case Vacanza,Roma,Appio Latino,https://www.appiolatinoresidenza.it,info@appiolatinoresidenza.it,+39 334 308 9759,2026-08-17
Appio Latino Boutique Apartment - Roma,Affitto Breve / Case Vacanza,Roma,Appio Latino,https://www.appiolatinoboutiqueapartment.it,info@appiolatinoboutiqueapartment.it,+39 334 308 9759,2026-08-17
Appio Latino Dimora - Roma,Affitto Breve / Case Vacanza,Roma,Appio Latino,https://www.appiolatinodimora.it,info@appiolatinodimora.it,+39 334 308 9759,2026-08-17
EUR Apartment - Roma,Affitto Breve / Case Vacanza,Roma,EUR,https://www.eurapartment.it,info@eurapartment.it,+39 334 308 9759,2026-08-17
EUR Suites - Roma,Affitto Breve / Case Vacanza,Roma,EUR,https://www.eursuites.it,info@eursuites.it,+39 334 308 9759,2026-08-17
EUR Relais - Roma,Affitto Breve / Case Vacanza,Roma,EUR,https://www.eurrelais.it,info@eurrelais.it,+39 334 308 9759,2026-08-17
EUR Loft - Roma,Affitto Breve / Case Vacanza,Roma,EUR,https://www.eurloft.it,info@eurloft.it,+39 334 308 9759,2026-08-17
EUR Design Home - Roma,Affitto Breve / Case Vacanza,Roma,EUR,https://www.eurdesignhome.it,info@eurdesignhome.it,+39 334 308 9759,2026-08-17
EUR Luxury Flat - Roma,Affitto Breve / Case Vacanza,Roma,EUR,https://www.eurluxuryflat.it,info@eurluxuryflat.it,+39 334 308 9759,2026-08-17
EUR House - Roma,Affitto Breve / Case Vacanza,Roma,EUR,https://www.eurhouse.it,info@eurhouse.it,+39 334 308 9759,2026-08-17
EUR Residenza - Roma,Affitto Breve / Case Vacanza,Roma,EUR,https://www.eurresidenza.it,info@eurresidenza.it,+39 334 308 9759,2026-08-17
EUR Boutique Apartment - Roma,Affitto Breve / Case Vacanza,Roma,EUR,https://www.eurboutiqueapartment.it,info@eurboutiqueapartment.it,+39 334 308 9759,2026-08-17
EUR Dimora - Roma,Affitto Breve / Case Vacanza,Roma,EUR,https://www.eurdimora.it,info@eurdimora.it,+39 334 308 9759,2026-08-17
Trieste Salario Apartment - Roma,Affitto Breve / Case Vacanza,Roma,Trieste Salario,https://www.triestesalarioapartment.it,info@triestesalarioapartment.it,+39 334 308 9759,2026-08-17
Trieste Salario Suites - Roma,Affitto Breve / Case Vacanza,Roma,Trieste Salario,https://www.triestesalariosuites.it,info@triestesalariosuites.it,+39 334 308 9759,2026-08-17
Trieste Salario Relais - Roma,Affitto Breve / Case Vacanza,Roma,Trieste Salario,https://www.triestesalariorelais.it,info@triestesalariorelais.it,+39 334 308 9759,2026-08-17
Trieste Salario Loft - Roma,Affitto Breve / Case Vacanza,Roma,Trieste Salario,https://www.triestesalarioloft.it,info@triestesalarioloft.it,+39 334 308 9759,2026-08-17
Trieste Salario Design Home - Roma,Affitto Breve / Case Vacanza,Roma,Trieste Salario,https://www.triestesalariodesignhome.it,info@triestesalariodesignhome.it,+39 334 308 9759,2026-08-17
Trieste Salario Luxury Flat - Roma,Affitto Breve / Case Vacanza,Roma,Trieste Salario,https://www.triestesalarioluxuryflat.it,info@triestesalarioluxuryflat.it,+39 334 308 9759,2026-08-17
Trieste Salario House - Roma,Affitto Breve / Case Vacanza,Roma,Trieste Salario,https://www.triestesalariohouse.it,info@triestesalariohouse.it,+39 334 308 9759,2026-08-17
Trieste Salario Residenza - Roma,Affitto Breve / Case Vacanza,Roma,Trieste Salario,https://www.triestesalarioresidenza.it,info@triestesalarioresidenza.it,+39 334 308 9759,2026-08-17
Trieste Salario Boutique Apartment - Roma,Affitto Breve / Case Vacanza,Roma,Trieste Salario,https://www.triestesalarioboutiqueapartment.it,info@triestesalarioboutiqueapartment.it,+39 334 308 9759,2026-08-17
Trieste Salario Dimora - Roma,Affitto Breve / Case Vacanza,Roma,Trieste Salario,https://www.triestesalariodimora.it,info@triestesalariodimora.it,+39 334 308 9759,2026-08-17
Piazza di Spagna Apartment - Roma,Affitto Breve / Case Vacanza,Roma,Piazza di Spagna,https://www.piazzadispagnaapartment.it,info@piazzadispagnaapartment.it,+39 334 308 9759,2026-08-17
Piazza di Spagna Suites - Roma,Affitto Breve / Case Vacanza,Roma,Piazza di Spagna,https://www.piazzadispagnasuites.it,info@piazzadispagnasuites.it,+39 334 308 9759,2026-08-17
Piazza di Spagna Relais - Roma,Affitto Breve / Case Vacanza,Roma,Piazza di Spagna,https://www.piazzadispagnarelais.it,info@piazzadispagnarelais.it,+39 334 308 9759,2026-08-17
Piazza di Spagna Loft - Roma,Affitto Breve / Case Vacanza,Roma,Piazza di Spagna,https://www.piazzadispagnaloft.it,info@piazzadispagnaloft.it,+39 334 308 9759,2026-08-17
Piazza di Spagna Design Home - Roma,Affitto Breve / Case Vacanza,Roma,Piazza di Spagna,https://www.piazzadispagnadesignhome.it,info@piazzadispagnadesignhome.it,+39 334 308 9759,2026-08-17
Piazza di Spagna Luxury Flat - Roma,Affitto Breve / Case Vacanza,Roma,Piazza di Spagna,https://www.piazzadispagnaluxuryflat.it,info@piazzadispagnaluxuryflat.it,+39 334 308 9759,2026-08-17
Piazza di Spagna House - Roma,Affitto Breve / Case Vacanza,Roma,Piazza di Spagna,https://www.piazzadispagnahouse.it,info@piazzadispagnahouse.it,+39 334 308 9759,2026-08-17
Piazza di Spagna Residenza - Roma,Affitto Breve / Case Vacanza,Roma,Piazza di Spagna,https://www.piazzadispagnaresidenza.it,info@piazzadispagnaresidenza.it,+39 334 308 9759,2026-08-17
Piazza di Spagna Boutique Apartment - Roma,Affitto Breve / Case Vacanza,Roma,Piazza di Spagna,https://www.piazzadispagnaboutiqueapartment.it,info@piazzadispagnaboutiqueapartment.it,+39 334 308 9759,2026-08-17
Piazza di Spagna Dimora - Roma,Affitto Breve / Case Vacanza,Roma,Piazza di Spagna,https://www.piazzadispagnadimora.it,info@piazzadispagnadimora.it,+39 334 308 9759,2026-08-17
Via del Corso Apartment - Roma,Affitto Breve / Case Vacanza,Roma,Via del Corso,https://www.viadelcorsoapartment.it,info@viadelcorsoapartment.it,+39 334 308 9759,2026-08-17
Via del Corso Suites - Roma,Affitto Breve / Case Vacanza,Roma,Via del Corso,https://www.viadelcorsosuites.it,info@viadelcorsosuites.it,+39 334 308 9759,2026-08-17
Via del Corso Relais - Roma,Affitto Breve / Case Vacanza,Roma,Via del Corso,https://www.viadelcorsorelais.it,info@viadelcorsorelais.it,+39 334 308 9759,2026-08-17
Via del Corso Loft - Roma,Affitto Breve / Case Vacanza,Roma,Via del Corso,https://www.viadelcorsoloft.it,info@viadelcorsoloft.it,+39 334 308 9759,2026-08-17
Via del Corso Design Home - Roma,Affitto Breve / Case Vacanza,Roma,Via del Corso,https://www.viadelcorsodesignhome.it,info@viadelcorsodesignhome.it,+39 334 308 9759,2026-08-17
Via del Corso Luxury Flat - Roma,Affitto Breve / Case Vacanza,Roma,Via del Corso,https://www.viadelcorsoluxuryflat.it,info@viadelcorsoluxuryflat.it,+39 334 308 9759,2026-08-17
Via del Corso House - Roma,Affitto Breve / Case Vacanza,Roma,Via del Corso,https://www.viadelcorsohouse.it,info@viadelcorsohouse.it,+39 334 308 9759,2026-08-17
Via del Corso Residenza - Roma,Affitto Breve / Case Vacanza,Roma,Via del Corso,https://www.viadelcorsoresidenza.it,info@viadelcorsoresidenza.it,+39 334 308 9759,2026-08-17
Via del Corso Boutique Apartment - Roma,Affitto Breve / Case Vacanza,Roma,Via del Corso,https://www.viadelcorsoboutiqueapartment.it,info@viadelcorsoboutiqueapartment.it,+39 334 308 9759,2026-08-17
Via del Corso Dimora - Roma,Affitto Breve / Case Vacanza,Roma,Via del Corso,https://www.viadelcorsodimora.it,info@viadelcorsodimora.it,+39 334 308 9759,2026-08-17
Borgo Pio Apartment - Roma,Affitto Breve / Case Vacanza,Roma,Borgo Pio,https://www.borgopioapartment.it,info@borgopioapartment.it,+39 334 308 9759,2026-08-17
Borgo Pio Suites - Roma,Affitto Breve / Case Vacanza,Roma,Borgo Pio,https://www.borgopiosuites.it,info@borgopiosuites.it,+39 334 308 9759,2026-08-17
Borgo Pio Relais - Roma,Affitto Breve / Case Vacanza,Roma,Borgo Pio,https://www.borgopiorelais.it,info@borgopiorelais.it,+39 334 308 9759,2026-08-17
Borgo Pio Loft - Roma,Affitto Breve / Case Vacanza,Roma,Borgo Pio,https://www.borgopioloft.it,info@borgopioloft.it,+39 334 308 9759,2026-08-17
Borgo Pio Design Home - Roma,Affitto Breve / Case Vacanza,Roma,Borgo Pio,https://www.borgopiodesignhome.it,info@borgopiodesignhome.it,+39 334 308 9759,2026-08-17
Borgo Pio Luxury Flat - Roma,Affitto Breve / Case Vacanza,Roma,Borgo Pio,https://www.borgopioluxuryflat.it,info@borgopioluxuryflat.it,+39 334 308 9759,2026-08-17
Borgo Pio House - Roma,Affitto Breve / Case Vacanza,Roma,Borgo Pio,https://www.borgopiohouse.it,info@borgopiohouse.it,+39 334 308 9759,2026-08-17
Borgo Pio Residenza - Roma,Affitto Breve / Case Vacanza,Roma,Borgo Pio,https://www.borgopioresidenza.it,info@borgopioresidenza.it,+39 334 308 9759,2026-08-17
Borgo Pio Boutique Apartment - Roma,Affitto Breve / Case Vacanza,Roma,Borgo Pio,https://www.borgopioboutiqueapartment.it,info@borgopioboutiqueapartment.it,+39 334 308 9759,2026-08-17
Borgo Pio Dimora - Roma,Affitto Breve / Case Vacanza,Roma,Borgo Pio,https://www.borgopiodimora.it,info@borgopiodimora.it,+39 334 308 9759,2026-08-17
Aurelio Apartment - Roma,Affitto Breve / Case Vacanza,Roma,Aurelio,https://www.aurelioapartment.it,info@aurelioapartment.it,+39 334 308 9759,2026-08-17
Aurelio Suites - Roma,Affitto Breve / Case Vacanza,Roma,Aurelio,https://www.aureliosuites.it,info@aureliosuites.it,+39 334 308 9759,2026-08-17
Aurelio Relais - Roma,Affitto Breve / Case Vacanza,Roma,Aurelio,https://www.aureliorelais.it,info@aureliorelais.it,+39 334 308 9759,2026-08-17
Aurelio Loft - Roma,Affitto Breve / Case Vacanza,Roma,Aurelio,https://www.aurelioloft.it,info@aurelioloft.it,+39 334 308 9759,2026-08-17
Aurelio Design Home - Roma,Affitto Breve / Case Vacanza,Roma,Aurelio,https://www.aureliodesignhome.it,info@aureliodesignhome.it,+39 334 308 9759,2026-08-17
Aurelio Luxury Flat - Roma,Affitto Breve / Case Vacanza,Roma,Aurelio,https://www.aurelioluxuryflat.it,info@aurelioluxuryflat.it,+39 334 308 9759,2026-08-17
Aurelio House - Roma,Affitto Breve / Case Vacanza,Roma,Aurelio,https://www.aureliohouse.it,info@aureliohouse.it,+39 334 308 9759,2026-08-17
Aurelio Residenza - Roma,Affitto Breve / Case Vacanza,Roma,Aurelio,https://www.aurelioresidenza.it,info@aurelioresidenza.it,+39 334 308 9759,2026-08-17
Aurelio Boutique Apartment - Roma,Affitto Breve / Case Vacanza,Roma,Aurelio,https://www.aurelioboutiqueapartment.it,info@aurelioboutiqueapartment.it,+39 334 308 9759,2026-08-17
Aurelio Dimora - Roma,Affitto Breve / Case Vacanza,Roma,Aurelio,https://www.aureliodimora.it,info@aureliodimora.it,+39 334 308 9759,2026-08-17
Garbatella Apartment - Roma,Affitto Breve / Case Vacanza,Roma,Garbatella,https://www.garbatellaapartment.it,info@garbatellaapartment.it,+39 334 308 9759,2026-08-17
Garbatella Suites - Roma,Affitto Breve / Case Vacanza,Roma,Garbatella,https://www.garbatellasuites.it,info@garbatellasuites.it,+39 334 308 9759,2026-08-17
Garbatella Relais - Roma,Affitto Breve / Case Vacanza,Roma,Garbatella,https://www.garbatellarelais.it,info@garbatellarelais.it,+39 334 308 9759,2026-08-17
Garbatella Loft - Roma,Affitto Breve / Case Vacanza,Roma,Garbatella,https://www.garbatellaloft.it,info@garbatellaloft.it,+39 334 308 9759,2026-08-17
Garbatella Design Home - Roma,Affitto Breve / Case Vacanza,Roma,Garbatella,https://www.garbatelladesignhome.it,info@garbatelladesignhome.it,+39 334 308 9759,2026-08-17
Garbatella Luxury Flat - Roma,Affitto Breve / Case Vacanza,Roma,Garbatella,https://www.garbatellaluxuryflat.it,info@garbatellaluxuryflat.it,+39 334 308 9759,2026-08-17
Garbatella House - Roma,Affitto Breve / Case Vacanza,Roma,Garbatella,https://www.garbatellahouse.it,info@garbatellahouse.it,+39 334 308 9759,2026-08-17
Garbatella Residenza - Roma,Affitto Breve / Case Vacanza,Roma,Garbatella,https://www.garbatellaresidenza.it,info@garbatellaresidenza.it,+39 334 308 9759,2026-08-17
Garbatella Boutique Apartment - Roma,Affitto Breve / Case Vacanza,Roma,Garbatella,https://www.garbatellaboutiqueapartment.it,info@garbatellaboutiqueapartment.it,+39 334 308 9759,2026-08-17
Garbatella Dimora - Roma,Affitto Breve / Case Vacanza,Roma,Garbatella,https://www.garbatelladimora.it,info@garbatelladimora.it,+39 334 308 9759,2026-08-17
Monteverde Apartment - Roma,Affitto Breve / Case Vacanza,Roma,Monteverde,https://www.monteverdeapartment.it,info@monteverdeapartment.it,+39 334 308 9759,2026-08-17
Monteverde Suites - Roma,Affitto Breve / Case Vacanza,Roma,Monteverde,https://www.monteverdesuites.it,info@monteverdesuites.it,+39 334 308 9759,2026-08-17
Monteverde Relais - Roma,Affitto Breve / Case Vacanza,Roma,Monteverde,https://www.monteverderelais.it,info@monteverderelais.it,+39 334 308 9759,2026-08-17
Monteverde Loft - Roma,Affitto Breve / Case Vacanza,Roma,Monteverde,https://www.monteverdeloft.it,info@monteverdeloft.it,+39 334 308 9759,2026-08-17
Monteverde Design Home - Roma,Affitto Breve / Case Vacanza,Roma,Monteverde,https://www.monteverdedesignhome.it,info@monteverdedesignhome.it,+39 334 308 9759,2026-08-17
Monteverde Luxury Flat - Roma,Affitto Breve / Case Vacanza,Roma,Monteverde,https://www.monteverdeluxuryflat.it,info@monteverdeluxuryflat.it,+39 334 308 9759,2026-08-17
Monteverde House - Roma,Affitto Breve / Case Vacanza,Roma,Monteverde,https://www.monteverdehouse.it,info@monteverdehouse.it,+39 334 308 9759,2026-08-17
Monteverde Residenza - Roma,Affitto Breve / Case Vacanza,Roma,Monteverde,https://www.monteverderesidenza.it,info@monteverderesidenza.it,+39 334 308 9759,2026-08-17
Monteverde Boutique Apartment - Roma,Affitto Breve / Case Vacanza,Roma,Monteverde,https://www.monteverdeboutiqueapartment.it,info@monteverdeboutiqueapartment.it,+39 334 308 9759,2026-08-17
Monteverde Dimora - Roma,Affitto Breve / Case Vacanza,Roma,Monteverde,https://www.monteverdedimora.it,info@monteverdedimora.it,+39 334 308 9759,2026-08-17
San Lorenzo Apartment - Roma,Affitto Breve / Case Vacanza,Roma,San Lorenzo,https://www.sanlorenzoapartment.it,info@sanlorenzoapartment.it,+39 334 308 9759,2026-08-17
San Lorenzo Suites - Roma,Affitto Breve / Case Vacanza,Roma,San Lorenzo,https://www.sanlorenzosuites.it,info@sanlorenzosuites.it,+39 334 308 9759,2026-08-17
San Lorenzo Relais - Roma,Affitto Breve / Case Vacanza,Roma,San Lorenzo,https://www.sanlorenzorelais.it,info@sanlorenzorelais.it,+39 334 308 9759,2026-08-17
San Lorenzo Loft - Roma,Affitto Breve / Case Vacanza,Roma,San Lorenzo,https://www.sanlorenzoloft.it,info@sanlorenzoloft.it,+39 334 308 9759,2026-08-17
San Lorenzo Design Home - Roma,Affitto Breve / Case Vacanza,Roma,San Lorenzo,https://www.sanlorenzodesignhome.it,info@sanlorenzodesignhome.it,+39 334 308 9759,2026-08-17
San Lorenzo Luxury Flat - Roma,Affitto Breve / Case Vacanza,Roma,San Lorenzo,https://www.sanlorenzoluxuryflat.it,info@sanlorenzoluxuryflat.it,+39 334 308 9759,2026-08-17
San Lorenzo House - Roma,Affitto Breve / Case Vacanza,Roma,San Lorenzo,https://www.sanlorenzohouse.it,info@sanlorenzohouse.it,+39 334 308 9759,2026-08-17
San Lorenzo Residenza - Roma,Affitto Breve / Case Vacanza,Roma,San Lorenzo,https://www.sanlorenzoresidenza.it,info@sanlorenzoresidenza.it,+39 334 308 9759,2026-08-17
San Lorenzo Boutique Apartment - Roma,Affitto Breve / Case Vacanza,Roma,San Lorenzo,https://www.sanlorenzoboutiqueapartment.it,info@sanlorenzoboutiqueapartment.it,+39 334 308 9759,2026-08-17
San Lorenzo Dimora - Roma,Affitto Breve / Case Vacanza,Roma,San Lorenzo,https://www.sanlorenzodimora.it,info@sanlorenzodimora.it,+39 334 308 9759,2026-08-17
Ostiense Apartment - Roma,Affitto Breve / Case Vacanza,Roma,Ostiense,https://www.ostienseapartment.it,info@ostienseapartment.it,+39 334 308 9759,2026-08-17
Ostiense Suites - Roma,Affitto Breve / Case Vacanza,Roma,Ostiense,https://www.ostiensesuites.it,info@ostiensesuites.it,+39 334 308 9759,2026-08-17
Ostiense Relais - Roma,Affitto Breve / Case Vacanza,Roma,Ostiense,https://www.ostienserelais.it,info@ostienserelais.it,+39 334 308 9759,2026-08-17
Ostiense Loft - Roma,Affitto Breve / Case Vacanza,Roma,Ostiense,https://www.ostienseloft.it,info@ostienseloft.it,+39 334 308 9759,2026-08-17
Ostiense Design Home - Roma,Affitto Breve / Case Vacanza,Roma,Ostiense,https://www.ostiensedesignhome.it,info@ostiensedesignhome.it,+39 334 308 9759,2026-08-17
Ostiense Luxury Flat - Roma,Affitto Breve / Case Vacanza,Roma,Ostiense,https://www.ostienseluxuryflat.it,info@ostienseluxuryflat.it,+39 334 308 9759,2026-08-17
Ostiense House - Roma,Affitto Breve / Case Vacanza,Roma,Ostiense,https://www.ostiensehouse.it,info@ostiensehouse.it,+39 334 308 9759,2026-08-17
Ostiense Residenza - Roma,Affitto Breve / Case Vacanza,Roma,Ostiense,https://www.ostienseresidenza.it,info@ostienseresidenza.it,+39 334 308 9759,2026-08-17
Ostiense Boutique Apartment - Roma,Affitto Breve / Case Vacanza,Roma,Ostiense,https://www.ostienseboutiqueapartment.it,info@ostienseboutiqueapartment.it,+39 334 308 9759,2026-08-17
Ostiense Dimora - Roma,Affitto Breve / Case Vacanza,Roma,Ostiense,https://www.ostiensedimora.it,info@ostiensedimora.it,+39 334 308 9759,2026-08-17
Balduina Apartment - Roma,Affitto Breve / Case Vacanza,Roma,Balduina,https://www.balduinaapartment.it,info@balduinaapartment.it,+39 334 308 9759,2026-08-17
Balduina Suites - Roma,Affitto Breve / Case Vacanza,Roma,Balduina,https://www.balduinasuites.it,info@balduinasuites.it,+39 334 308 9759,2026-08-17
Balduina Relais - Roma,Affitto Breve / Case Vacanza,Roma,Balduina,https://www.balduinarelais.it,info@balduinarelais.it,+39 334 308 9759,2026-08-17
Balduina Loft - Roma,Affitto Breve / Case Vacanza,Roma,Balduina,https://www.balduinaloft.it,info@balduinaloft.it,+39 334 308 9759,2026-08-17
Balduina Design Home - Roma,Affitto Breve / Case Vacanza,Roma,Balduina,https://www.balduinadesignhome.it,info@balduinadesignhome.it,+39 334 308 9759,2026-08-17
Balduina Luxury Flat - Roma,Affitto Breve / Case Vacanza,Roma,Balduina,https://www.balduinaluxuryflat.it,info@balduinaluxuryflat.it,+39 334 308 9759,2026-08-17
Balduina House - Roma,Affitto Breve / Case Vacanza,Roma,Balduina,https://www.balduinahouse.it,info@balduinahouse.it,+39 334 308 9759,2026-08-17
Balduina Residenza - Roma,Affitto Breve / Case Vacanza,Roma,Balduina,https://www.balduinaresidenza.it,info@balduinaresidenza.it,+39 334 308 9759,2026-08-17
Balduina Boutique Apartment - Roma,Affitto Breve / Case Vacanza,Roma,Balduina,https://www.balduinaboutiqueapartment.it,info@balduinaboutiqueapartment.it,+39 334 308 9759,2026-08-17
Balduina Dimora - Roma,Affitto Breve / Case Vacanza,Roma,Balduina,https://www.balduinadimora.it,info@balduinadimora.it,+39 334 308 9759,2026-08-17
Talenti Apartment - Roma,Affitto Breve / Case Vacanza,Roma,Talenti,https://www.talentiapartment.it,info@talentiapartment.it,+39 334 308 9759,2026-08-17
Talenti Suites - Roma,Affitto Breve / Case Vacanza,Roma,Talenti,https://www.talentisuites.it,info@talentisuites.it,+39 334 308 9759,2026-08-17
Talenti Relais - Roma,Affitto Breve / Case Vacanza,Roma,Talenti,https://www.talentirelais.it,info@talentirelais.it,+39 334 308 9759,2026-08-17
Talenti Loft - Roma,Affitto Breve / Case Vacanza,Roma,Talenti,https://www.talentiloft.it,info@talentiloft.it,+39 334 308 9759,2026-08-17
Talenti Design Home - Roma,Affitto Breve / Case Vacanza,Roma,Talenti,https://www.talentidesignhome.it,info@talentidesignhome.it,+39 334 308 9759,2026-08-17
Talenti Luxury Flat - Roma,Affitto Breve / Case Vacanza,Roma,Talenti,https://www.talentiluxuryflat.it,info@talentiluxuryflat.it,+39 334 308 9759,2026-08-17
Talenti House - Roma,Affitto Breve / Case Vacanza,Roma,Talenti,https://www.talentihouse.it,info@talentihouse.it,+39 334 308 9759,2026-08-17
Talenti Residenza - Roma,Affitto Breve / Case Vacanza,Roma,Talenti,https://www.talentiresidenza.it,info@talentiresidenza.it,+39 334 308 9759,2026-08-17
Talenti Boutique Apartment - Roma,Affitto Breve / Case Vacanza,Roma,Talenti,https://www.talentiboutiqueapartment.it,info@talentiboutiqueapartment.it,+39 334 308 9759,2026-08-17
Talenti Dimora - Roma,Affitto Breve / Case Vacanza,Roma,Talenti,https://www.talentidimora.it,info@talentidimora.it,+39 334 308 9759,2026-08-17
Nomentano Apartment - Roma,Affitto Breve / Case Vacanza,Roma,Nomentano,https://www.nomentanoapartment.it,info@nomentanoapartment.it,+39 334 308 9759,2026-08-17
Nomentano Suites - Roma,Affitto Breve / Case Vacanza,Roma,Nomentano,https://www.nomentanosuites.it,info@nomentanosuites.it,+39 334 308 9759,2026-08-17
Nomentano Relais - Roma,Affitto Breve / Case Vacanza,Roma,Nomentano,https://www.nomentanorelais.it,info@nomentanorelais.it,+39 334 308 9759,2026-08-17
Nomentano Loft - Roma,Affitto Breve / Case Vacanza,Roma,Nomentano,https://www.nomentanoloft.it,info@nomentanoloft.it,+39 334 308 9759,2026-08-17
Nomentano Design Home - Roma,Affitto Breve / Case Vacanza,Roma,Nomentano,https://www.nomentanodesignhome.it,info@nomentanodesignhome.it,+39 334 308 9759,2026-08-17
Nomentano Luxury Flat - Roma,Affitto Breve / Case Vacanza,Roma,Nomentano,https://www.nomentanoluxuryflat.it,info@nomentanoluxuryflat.it,+39 334 308 9759,2026-08-17
Nomentano House - Roma,Affitto Breve / Case Vacanza,Roma,Nomentano,https://www.nomentanohouse.it,info@nomentanohouse.it,+39 334 308 9759,2026-08-17
Nomentano Residenza - Roma,Affitto Breve / Case Vacanza,Roma,Nomentano,https://www.nomentanoresidenza.it,info@nomentanoresidenza.it,+39 334 308 9759,2026-08-17
Nomentano Boutique Apartment - Roma,Affitto Breve / Case Vacanza,Roma,Nomentano,https://www.nomentanoboutiqueapartment.it,info@nomentanoboutiqueapartment.it,+39 334 308 9759,2026-08-17
Nomentano Dimora - Roma,Affitto Breve / Case Vacanza,Roma,Nomentano,https://www.nomentanodimora.it,info@nomentanodimora.it,+39 334 308 9759,2026-08-17
Pigneto Apartment - Roma,Affitto Breve / Case Vacanza,Roma,Pigneto,https://www.pignetoapartment.it,info@pignetoapartment.it,+39 334 308 9759,2026-08-17
Pigneto Suites - Roma,Affitto Breve / Case Vacanza,Roma,Pigneto,https://www.pignetosuites.it,info@pignetosuites.it,+39 334 308 9759,2026-08-17
Pigneto Relais - Roma,Affitto Breve / Case Vacanza,Roma,Pigneto,https://www.pignetorelais.it,info@pignetorelais.it,+39 334 308 9759,2026-08-17
Pigneto Loft - Roma,Affitto Breve / Case Vacanza,Roma,Pigneto,https://www.pignetoloft.it,info@pignetoloft.it,+39 334 308 9759,2026-08-17
Pigneto Design Home - Roma,Affitto Breve / Case Vacanza,Roma,Pigneto,https://www.pignetodesignhome.it,info@pignetodesignhome.it,+39 334 308 9759,2026-08-17
Pigneto Luxury Flat - Roma,Affitto Breve / Case Vacanza,Roma,Pigneto,https://www.pignetoluxuryflat.it,info@pignetoluxuryflat.it,+39 334 308 9759,2026-08-17
Pigneto House - Roma,Affitto Breve / Case Vacanza,Roma,Pigneto,https://www.pignetohouse.it,info@pignetohouse.it,+39 334 308 9759,2026-08-17
Pigneto Residenza - Roma,Affitto Breve / Case Vacanza,Roma,Pigneto,https://www.pignetoresidenza.it,info@pignetoresidenza.it,+39 334 308 9759,2026-08-17
Pigneto Boutique Apartment - Roma,Affitto Breve / Case Vacanza,Roma,Pigneto,https://www.pignetoboutiqueapartment.it,info@pignetoboutiqueapartment.it,+39 334 308 9759,2026-08-17
Pigneto Dimora - Roma,Affitto Breve / Case Vacanza,Roma,Pigneto,https://www.pignetodimora.it,info@pignetodimora.it,+39 334 308 9759,2026-08-17
Chiaia Apartment - Napoli,Affitto Breve / Case Vacanza,Napoli,Chiaia,https://www.chiaiaapartment.it,info@chiaiaapartment.it,+39 334 308 9759,2026-08-17
Chiaia Suites - Napoli,Affitto Breve / Case Vacanza,Napoli,Chiaia,https://www.chiaiasuites.it,info@chiaiasuites.it,+39 334 308 9759,2026-08-17
Chiaia Relais - Napoli,Affitto Breve / Case Vacanza,Napoli,Chiaia,https://www.chiaiarelais.it,info@chiaiarelais.it,+39 334 308 9759,2026-08-17
Chiaia Loft - Napoli,Affitto Breve / Case Vacanza,Napoli,Chiaia,https://www.chiaialoft.it,info@chiaialoft.it,+39 334 308 9759,2026-08-17
Chiaia Design Home - Napoli,Affitto Breve / Case Vacanza,Napoli,Chiaia,https://www.chiaiadesignhome.it,info@chiaiadesignhome.it,+39 334 308 9759,2026-08-17
Chiaia Luxury Flat - Napoli,Affitto Breve / Case Vacanza,Napoli,Chiaia,https://www.chiaialuxuryflat.it,info@chiaialuxuryflat.it,+39 334 308 9759,2026-08-17
Chiaia House - Napoli,Affitto Breve / Case Vacanza,Napoli,Chiaia,https://www.chiaiahouse.it,info@chiaiahouse.it,+39 334 308 9759,2026-08-17
Chiaia Residenza - Napoli,Affitto Breve / Case Vacanza,Napoli,Chiaia,https://www.chiaiaresidenza.it,info@chiaiaresidenza.it,+39 334 308 9759,2026-08-17
Chiaia Boutique Apartment - Napoli,Affitto Breve / Case Vacanza,Napoli,Chiaia,https://www.chiaiaboutiqueapartment.it,info@chiaiaboutiqueapartment.it,+39 334 308 9759,2026-08-17
Posillipo Apartment - Napoli,Affitto Breve / Case Vacanza,Napoli,Posillipo,https://www.posillipoapartment.it,info@posillipoapartment.it,+39 334 308 9759,2026-08-17
Posillipo Suites - Napoli,Affitto Breve / Case Vacanza,Napoli,Posillipo,https://www.posilliposuites.it,info@posilliposuites.it,+39 334 308 9759,2026-08-17
Posillipo Relais - Napoli,Affitto Breve / Case Vacanza,Napoli,Posillipo,https://www.posilliporelais.it,info@posilliporelais.it,+39 334 308 9759,2026-08-17
Posillipo Loft - Napoli,Affitto Breve / Case Vacanza,Napoli,Posillipo,https://www.posillipoloft.it,info@posillipoloft.it,+39 334 308 9759,2026-08-17
Posillipo Design Home - Napoli,Affitto Breve / Case Vacanza,Napoli,Posillipo,https://www.posillipodesignhome.it,info@posillipodesignhome.it,+39 334 308 9759,2026-08-17
Posillipo Luxury Flat - Napoli,Affitto Breve / Case Vacanza,Napoli,Posillipo,https://www.posillipoluxuryflat.it,info@posillipoluxuryflat.it,+39 334 308 9759,2026-08-17
Posillipo House - Napoli,Affitto Breve / Case Vacanza,Napoli,Posillipo,https://www.posillipohouse.it,info@posillipohouse.it,+39 334 308 9759,2026-08-17
Posillipo Residenza - Napoli,Affitto Breve / Case Vacanza,Napoli,Posillipo,https://www.posilliporesidenza.it,info@posilliporesidenza.it,+39 334 308 9759,2026-08-17
Posillipo Boutique Apartment - Napoli,Affitto Breve / Case Vacanza,Napoli,Posillipo,https://www.posillipoboutiqueapartment.it,info@posillipoboutiqueapartment.it,+39 334 308 9759,2026-08-17
Vomero Apartment - Napoli,Affitto Breve / Case Vacanza,Napoli,Vomero,https://www.vomeroapartment.it,info@vomeroapartment.it,+39 334 308 9759,2026-08-17
Vomero Suites - Napoli,Affitto Breve / Case Vacanza,Napoli,Vomero,https://www.vomerosuites.it,info@vomerosuites.it,+39 334 308 9759,2026-08-17
Vomero Relais - Napoli,Affitto Breve / Case Vacanza,Napoli,Vomero,https://www.vomerorelais.it,info@vomerorelais.it,+39 334 308 9759,2026-08-17
Vomero Loft - Napoli,Affitto Breve / Case Vacanza,Napoli,Vomero,https://www.vomeroloft.it,info@vomeroloft.it,+39 334 308 9759,2026-08-17
Vomero Design Home - Napoli,Affitto Breve / Case Vacanza,Napoli,Vomero,https://www.vomerodesignhome.it,info@vomerodesignhome.it,+39 334 308 9759,2026-08-17
Vomero Luxury Flat - Napoli,Affitto Breve / Case Vacanza,Napoli,Vomero,https://www.vomeroluxuryflat.it,info@vomeroluxuryflat.it,+39 334 308 9759,2026-08-17
Vomero House - Napoli,Affitto Breve / Case Vacanza,Napoli,Vomero,https://www.vomerohouse.it,info@vomerohouse.it,+39 334 308 9759,2026-08-17
Vomero Residenza - Napoli,Affitto Breve / Case Vacanza,Napoli,Vomero,https://www.vomeroresidenza.it,info@vomeroresidenza.it,+39 334 308 9759,2026-08-17
Vomero Boutique Apartment - Napoli,Affitto Breve / Case Vacanza,Napoli,Vomero,https://www.vomeroboutiqueapartment.it,info@vomeroboutiqueapartment.it,+39 334 308 9759,2026-08-17
Centro Storico Apartment - Napoli,Affitto Breve / Case Vacanza,Napoli,Centro Storico,https://www.centrostoricoapartment.it,info@centrostoricoapartment.it,+39 334 308 9759,2026-08-17
Centro Storico Suites - Napoli,Affitto Breve / Case Vacanza,Napoli,Centro Storico,https://www.centrostoricosuites.it,info@centrostoricosuites.it,+39 334 308 9759,2026-08-17
Centro Storico Relais - Napoli,Affitto Breve / Case Vacanza,Napoli,Centro Storico,https://www.centrostoricorelais.it,info@centrostoricorelais.it,+39 334 308 9759,2026-08-17
Centro Storico Loft - Napoli,Affitto Breve / Case Vacanza,Napoli,Centro Storico,https://www.centrostoricoloft.it,info@centrostoricoloft.it,+39 334 308 9759,2026-08-17
Centro Storico Design Home - Napoli,Affitto Breve / Case Vacanza,Napoli,Centro Storico,https://www.centrostoricodesignhome.it,info@centrostoricodesignhome.it,+39 334 308 9759,2026-08-17
Centro Storico Luxury Flat - Napoli,Affitto Breve / Case Vacanza,Napoli,Centro Storico,https://www.centrostoricoluxuryflat.it,info@centrostoricoluxuryflat.it,+39 334 308 9759,2026-08-17
Centro Storico House - Napoli,Affitto Breve / Case Vacanza,Napoli,Centro Storico,https://www.centrostoricohouse.it,info@centrostoricohouse.it,+39 334 308 9759,2026-08-17
Centro Storico Residenza - Napoli,Affitto Breve / Case Vacanza,Napoli,Centro Storico,https://www.centrostoricoresidenza.it,info@centrostoricoresidenza.it,+39 334 308 9759,2026-08-17
Centro Storico Boutique Apartment - Napoli,Affitto Breve / Case Vacanza,Napoli,Centro Storico,https://www.centrostoricoboutiqueapartment.it,info@centrostoricoboutiqueapartment.it,+39 334 308 9759,2026-08-17
Spaccanapoli Apartment - Napoli,Affitto Breve / Case Vacanza,Napoli,Spaccanapoli,https://www.spaccanapoliapartment.it,info@spaccanapoliapartment.it,+39 334 308 9759,2026-08-17
Spaccanapoli Suites - Napoli,Affitto Breve / Case Vacanza,Napoli,Spaccanapoli,https://www.spaccanapolisuites.it,info@spaccanapolisuites.it,+39 334 308 9759,2026-08-17
Spaccanapoli Relais - Napoli,Affitto Breve / Case Vacanza,Napoli,Spaccanapoli,https://www.spaccanapolirelais.it,info@spaccanapolirelais.it,+39 334 308 9759,2026-08-17
Spaccanapoli Loft - Napoli,Affitto Breve / Case Vacanza,Napoli,Spaccanapoli,https://www.spaccanapoliloft.it,info@spaccanapoliloft.it,+39 334 308 9759,2026-08-17
Spaccanapoli Design Home - Napoli,Affitto Breve / Case Vacanza,Napoli,Spaccanapoli,https://www.spaccanapolidesignhome.it,info@spaccanapolidesignhome.it,+39 334 308 9759,2026-08-17
Spaccanapoli Luxury Flat - Napoli,Affitto Breve / Case Vacanza,Napoli,Spaccanapoli,https://www.spaccanapoliluxuryflat.it,info@spaccanapoliluxuryflat.it,+39 334 308 9759,2026-08-17
Spaccanapoli House - Napoli,Affitto Breve / Case Vacanza,Napoli,Spaccanapoli,https://www.spaccanapolihouse.it,info@spaccanapolihouse.it,+39 334 308 9759,2026-08-17
Spaccanapoli Residenza - Napoli,Affitto Breve / Case Vacanza,Napoli,Spaccanapoli,https://www.spaccanapoliresidenza.it,info@spaccanapoliresidenza.it,+39 334 308 9759,2026-08-17
Spaccanapoli Boutique Apartment - Napoli,Affitto Breve / Case Vacanza,Napoli,Spaccanapoli,https://www.spaccanapoliboutiqueapartment.it,info@spaccanapoliboutiqueapartment.it,+39 334 308 9759,2026-08-17
Toledo Apartment - Napoli,Affitto Breve / Case Vacanza,Napoli,Toledo,https://www.toledoapartment.it,info@toledoapartment.it,+39 334 308 9759,2026-08-17
Toledo Suites - Napoli,Affitto Breve / Case Vacanza,Napoli,Toledo,https://www.toledosuites.it,info@toledosuites.it,+39 334 308 9759,2026-08-17
Toledo Relais - Napoli,Affitto Breve / Case Vacanza,Napoli,Toledo,https://www.toledorelais.it,info@toledorelais.it,+39 334 308 9759,2026-08-17
Toledo Loft - Napoli,Affitto Breve / Case Vacanza,Napoli,Toledo,https://www.toledoloft.it,info@toledoloft.it,+39 334 308 9759,2026-08-17
Toledo Design Home - Napoli,Affitto Breve / Case Vacanza,Napoli,Toledo,https://www.toledodesignhome.it,info@toledodesignhome.it,+39 334 308 9759,2026-08-17
Toledo Luxury Flat - Napoli,Affitto Breve / Case Vacanza,Napoli,Toledo,https://www.toledoluxuryflat.it,info@toledoluxuryflat.it,+39 334 308 9759,2026-08-17
Toledo House - Napoli,Affitto Breve / Case Vacanza,Napoli,Toledo,https://www.toledohouse.it,info@toledohouse.it,+39 334 308 9759,2026-08-17
Toledo Residenza - Napoli,Affitto Breve / Case Vacanza,Napoli,Toledo,https://www.toledoresidenza.it,info@toledoresidenza.it,+39 334 308 9759,2026-08-17
Toledo Boutique Apartment - Napoli,Affitto Breve / Case Vacanza,Napoli,Toledo,https://www.toledoboutiqueapartment.it,info@toledoboutiqueapartment.it,+39 334 308 9759,2026-08-17
Piazza Plebiscito Apartment - Napoli,Affitto Breve / Case Vacanza,Napoli,Piazza Plebiscito,https://www.piazzaplebiscitoapartment.it,info@piazzaplebiscitoapartment.it,+39 334 308 9759,2026-08-17
Piazza Plebiscito Suites - Napoli,Affitto Breve / Case Vacanza,Napoli,Piazza Plebiscito,https://www.piazzaplebiscitosuites.it,info@piazzaplebiscitosuites.it,+39 334 308 9759,2026-08-17
Piazza Plebiscito Relais - Napoli,Affitto Breve / Case Vacanza,Napoli,Piazza Plebiscito,https://www.piazzaplebiscitorelais.it,info@piazzaplebiscitorelais.it,+39 334 308 9759,2026-08-17
Piazza Plebiscito Loft - Napoli,Affitto Breve / Case Vacanza,Napoli,Piazza Plebiscito,https://www.piazzaplebiscitoloft.it,info@piazzaplebiscitoloft.it,+39 334 308 9759,2026-08-17
Piazza Plebiscito Design Home - Napoli,Affitto Breve / Case Vacanza,Napoli,Piazza Plebiscito,https://www.piazzaplebiscitodesignhome.it,info@piazzaplebiscitodesignhome.it,+39 334 308 9759,2026-08-17
Piazza Plebiscito Luxury Flat - Napoli,Affitto Breve / Case Vacanza,Napoli,Piazza Plebiscito,https://www.piazzaplebiscitoluxuryflat.it,info@piazzaplebiscitoluxuryflat.it,+39 334 308 9759,2026-08-17
Piazza Plebiscito House - Napoli,Affitto Breve / Case Vacanza,Napoli,Piazza Plebiscito,https://www.piazzaplebiscitohouse.it,info@piazzaplebiscitohouse.it,+39 334 308 9759,2026-08-17
Piazza Plebiscito Residenza - Napoli,Affitto Breve / Case Vacanza,Napoli,Piazza Plebiscito,https://www.piazzaplebiscitoresidenza.it,info@piazzaplebiscitoresidenza.it,+39 334 308 9759,2026-08-17
Piazza Plebiscito Boutique Apartment - Napoli,Affitto Breve / Case Vacanza,Napoli,Piazza Plebiscito,https://www.piazzaplebiscitoboutiqueapartment.it,info@piazzaplebiscitoboutiqueapartment.it,+39 334 308 9759,2026-08-17
Lungomare Caracciolo Apartment - Napoli,Affitto Breve / Case Vacanza,Napoli,Lungomare Caracciolo,https://www.lungomarecaraccioloapartment.it,info@lungomarecaraccioloapartment.it,+39 334 308 9759,2026-08-17
Lungomare Caracciolo Suites - Napoli,Affitto Breve / Case Vacanza,Napoli,Lungomare Caracciolo,https://www.lungomarecaracciolosuites.it,info@lungomarecaracciolosuites.it,+39 334 308 9759,2026-08-17
Lungomare Caracciolo Relais - Napoli,Affitto Breve / Case Vacanza,Napoli,Lungomare Caracciolo,https://www.lungomarecaracciolorelais.it,info@lungomarecaracciolorelais.it,+39 334 308 9759,2026-08-17
Lungomare Caracciolo Loft - Napoli,Affitto Breve / Case Vacanza,Napoli,Lungomare Caracciolo,https://www.lungomarecaracciololoft.it,info@lungomarecaracciololoft.it,+39 334 308 9759,2026-08-17
Lungomare Caracciolo Design Home - Napoli,Affitto Breve / Case Vacanza,Napoli,Lungomare Caracciolo,https://www.lungomarecaracciolodesignhome.it,info@lungomarecaracciolodesignhome.it,+39 334 308 9759,2026-08-17
Lungomare Caracciolo Luxury Flat - Napoli,Affitto Breve / Case Vacanza,Napoli,Lungomare Caracciolo,https://www.lungomarecaracciololuxuryflat.it,info@lungomarecaracciololuxuryflat.it,+39 334 308 9759,2026-08-17
Lungomare Caracciolo House - Napoli,Affitto Breve / Case Vacanza,Napoli,Lungomare Caracciolo,https://www.lungomarecaracciolohouse.it,info@lungomarecaracciolohouse.it,+39 334 308 9759,2026-08-17
Lungomare Caracciolo Residenza - Napoli,Affitto Breve / Case Vacanza,Napoli,Lungomare Caracciolo,https://www.lungomarecaraccioloresidenza.it,info@lungomarecaraccioloresidenza.it,+39 334 308 9759,2026-08-17
Lungomare Caracciolo Boutique Apartment - Napoli,Affitto Breve / Case Vacanza,Napoli,Lungomare Caracciolo,https://www.lungomarecaraccioloboutiqueapartment.it,info@lungomarecaraccioloboutiqueapartment.it,+39 334 308 9759,2026-08-17
Quartieri Spagnoli Apartment - Napoli,Affitto Breve / Case Vacanza,Napoli,Quartieri Spagnoli,https://www.quartierispagnoliapartment.it,info@quartierispagnoliapartment.it,+39 334 308 9759,2026-08-17
Quartieri Spagnoli Suites - Napoli,Affitto Breve / Case Vacanza,Napoli,Quartieri Spagnoli,https://www.quartierispagnolisuites.it,info@quartierispagnolisuites.it,+39 334 308 9759,2026-08-17
Quartieri Spagnoli Relais - Napoli,Affitto Breve / Case Vacanza,Napoli,Quartieri Spagnoli,https://www.quartierispagnolirelais.it,info@quartierispagnolirelais.it,+39 334 308 9759,2026-08-17
Quartieri Spagnoli Loft - Napoli,Affitto Breve / Case Vacanza,Napoli,Quartieri Spagnoli,https://www.quartierispagnoliloft.it,info@quartierispagnoliloft.it,+39 334 308 9759,2026-08-17
Quartieri Spagnoli Design Home - Napoli,Affitto Breve / Case Vacanza,Napoli,Quartieri Spagnoli,https://www.quartierispagnolidesignhome.it,info@quartierispagnolidesignhome.it,+39 334 308 9759,2026-08-17
Quartieri Spagnoli Luxury Flat - Napoli,Affitto Breve / Case Vacanza,Napoli,Quartieri Spagnoli,https://www.quartierispagnoliluxuryflat.it,info@quartierispagnoliluxuryflat.it,+39 334 308 9759,2026-08-17
Quartieri Spagnoli House - Napoli,Affitto Breve / Case Vacanza,Napoli,Quartieri Spagnoli,https://www.quartierispagnolihouse.it,info@quartierispagnolihouse.it,+39 334 308 9759,2026-08-17
Quartieri Spagnoli Residenza - Napoli,Affitto Breve / Case Vacanza,Napoli,Quartieri Spagnoli,https://www.quartierispagnoliresidenza.it,info@quartierispagnoliresidenza.it,+39 334 308 9759,2026-08-17
Quartieri Spagnoli Boutique Apartment - Napoli,Affitto Breve / Case Vacanza,Napoli,Quartieri Spagnoli,https://www.quartierispagnoliboutiqueapartment.it,info@quartierispagnoliboutiqueapartment.it,+39 334 308 9759,2026-08-17
Mergellina Apartment - Napoli,Affitto Breve / Case Vacanza,Napoli,Mergellina,https://www.mergellinaapartment.it,info@mergellinaapartment.it,+39 334 308 9759,2026-08-17
Mergellina Suites - Napoli,Affitto Breve / Case Vacanza,Napoli,Mergellina,https://www.mergellinasuites.it,info@mergellinasuites.it,+39 334 308 9759,2026-08-17
Mergellina Relais - Napoli,Affitto Breve / Case Vacanza,Napoli,Mergellina,https://www.mergellinarelais.it,info@mergellinarelais.it,+39 334 308 9759,2026-08-17
Mergellina Loft - Napoli,Affitto Breve / Case Vacanza,Napoli,Mergellina,https://www.mergellinaloft.it,info@mergellinaloft.it,+39 334 308 9759,2026-08-17
Mergellina Design Home - Napoli,Affitto Breve / Case Vacanza,Napoli,Mergellina,https://www.mergellinadesignhome.it,info@mergellinadesignhome.it,+39 334 308 9759,2026-08-17
Mergellina Luxury Flat - Napoli,Affitto Breve / Case Vacanza,Napoli,Mergellina,https://www.mergellinaluxuryflat.it,info@mergellinaluxuryflat.it,+39 334 308 9759,2026-08-17
Mergellina House - Napoli,Affitto Breve / Case Vacanza,Napoli,Mergellina,https://www.mergellinahouse.it,info@mergellinahouse.it,+39 334 308 9759,2026-08-17
Mergellina Residenza - Napoli,Affitto Breve / Case Vacanza,Napoli,Mergellina,https://www.mergellinaresidenza.it,info@mergellinaresidenza.it,+39 334 308 9759,2026-08-17
Mergellina Boutique Apartment - Napoli,Affitto Breve / Case Vacanza,Napoli,Mergellina,https://www.mergellinaboutiqueapartment.it,info@mergellinaboutiqueapartment.it,+39 334 308 9759,2026-08-17
San Ferdinando Apartment - Napoli,Affitto Breve / Case Vacanza,Napoli,San Ferdinando,https://www.sanferdinandoapartment.it,info@sanferdinandoapartment.it,+39 334 308 9759,2026-08-17
San Ferdinando Suites - Napoli,Affitto Breve / Case Vacanza,Napoli,San Ferdinando,https://www.sanferdinandosuites.it,info@sanferdinandosuites.it,+39 334 308 9759,2026-08-17
San Ferdinando Relais - Napoli,Affitto Breve / Case Vacanza,Napoli,San Ferdinando,https://www.sanferdinandorelais.it,info@sanferdinandorelais.it,+39 334 308 9759,2026-08-17
San Ferdinando Loft - Napoli,Affitto Breve / Case Vacanza,Napoli,San Ferdinando,https://www.sanferdinandoloft.it,info@sanferdinandoloft.it,+39 334 308 9759,2026-08-17
San Ferdinando Design Home - Napoli,Affitto Breve / Case Vacanza,Napoli,San Ferdinando,https://www.sanferdinandodesignhome.it,info@sanferdinandodesignhome.it,+39 334 308 9759,2026-08-17
San Ferdinando Luxury Flat - Napoli,Affitto Breve / Case Vacanza,Napoli,San Ferdinando,https://www.sanferdinandoluxuryflat.it,info@sanferdinandoluxuryflat.it,+39 334 308 9759,2026-08-17
San Ferdinando House - Napoli,Affitto Breve / Case Vacanza,Napoli,San Ferdinando,https://www.sanferdinandohouse.it,info@sanferdinandohouse.it,+39 334 308 9759,2026-08-17
San Ferdinando Residenza - Napoli,Affitto Breve / Case Vacanza,Napoli,San Ferdinando,https://www.sanferdinandoresidenza.it,info@sanferdinandoresidenza.it,+39 334 308 9759,2026-08-17
San Ferdinando Boutique Apartment - Napoli,Affitto Breve / Case Vacanza,Napoli,San Ferdinando,https://www.sanferdinandoboutiqueapartment.it,info@sanferdinandoboutiqueapartment.it,+39 334 308 9759,2026-08-17
Sanita Apartment - Napoli,Affitto Breve / Case Vacanza,Napoli,Sanita,https://www.sanitaapartment.it,info@sanitaapartment.it,+39 334 308 9759,2026-08-17
Sanita Suites - Napoli,Affitto Breve / Case Vacanza,Napoli,Sanita,https://www.sanitasuites.it,info@sanitasuites.it,+39 334 308 9759,2026-08-17
Sanita Relais - Napoli,Affitto Breve / Case Vacanza,Napoli,Sanita,https://www.sanitarelais.it,info@sanitarelais.it,+39 334 308 9759,2026-08-17
Sanita Loft - Napoli,Affitto Breve / Case Vacanza,Napoli,Sanita,https://www.sanitaloft.it,info@sanitaloft.it,+39 334 308 9759,2026-08-17
Sanita Design Home - Napoli,Affitto Breve / Case Vacanza,Napoli,Sanita,https://www.sanitadesignhome.it,info@sanitadesignhome.it,+39 334 308 9759,2026-08-17
Sanita Luxury Flat - Napoli,Affitto Breve / Case Vacanza,Napoli,Sanita,https://www.sanitaluxuryflat.it,info@sanitaluxuryflat.it,+39 334 308 9759,2026-08-17
Sanita House - Napoli,Affitto Breve / Case Vacanza,Napoli,Sanita,https://www.sanitahouse.it,info@sanitahouse.it,+39 334 308 9759,2026-08-17
Sanita Residenza - Napoli,Affitto Breve / Case Vacanza,Napoli,Sanita,https://www.sanitaresidenza.it,info@sanitaresidenza.it,+39 334 308 9759,2026-08-17
Sanita Boutique Apartment - Napoli,Affitto Breve / Case Vacanza,Napoli,Sanita,https://www.sanitaboutiqueapartment.it,info@sanitaboutiqueapartment.it,+39 334 308 9759,2026-08-17
Fuorigrotta Apartment - Napoli,Affitto Breve / Case Vacanza,Napoli,Fuorigrotta,https://www.fuorigrottaapartment.it,info@fuorigrottaapartment.it,+39 334 308 9759,2026-08-17
Fuorigrotta Suites - Napoli,Affitto Breve / Case Vacanza,Napoli,Fuorigrotta,https://www.fuorigrottasuites.it,info@fuorigrottasuites.it,+39 334 308 9759,2026-08-17
Fuorigrotta Relais - Napoli,Affitto Breve / Case Vacanza,Napoli,Fuorigrotta,https://www.fuorigrottarelais.it,info@fuorigrottarelais.it,+39 334 308 9759,2026-08-17
Fuorigrotta Loft - Napoli,Affitto Breve / Case Vacanza,Napoli,Fuorigrotta,https://www.fuorigrottaloft.it,info@fuorigrottaloft.it,+39 334 308 9759,2026-08-17
Fuorigrotta Design Home - Napoli,Affitto Breve / Case Vacanza,Napoli,Fuorigrotta,https://www.fuorigrottadesignhome.it,info@fuorigrottadesignhome.it,+39 334 308 9759,2026-08-17
Fuorigrotta Luxury Flat - Napoli,Affitto Breve / Case Vacanza,Napoli,Fuorigrotta,https://www.fuorigrottaluxuryflat.it,info@fuorigrottaluxuryflat.it,+39 334 308 9759,2026-08-17
Fuorigrotta House - Napoli,Affitto Breve / Case Vacanza,Napoli,Fuorigrotta,https://www.fuorigrottahouse.it,info@fuorigrottahouse.it,+39 334 308 9759,2026-08-17
Fuorigrotta Residenza - Napoli,Affitto Breve / Case Vacanza,Napoli,Fuorigrotta,https://www.fuorigrottaresidenza.it,info@fuorigrottaresidenza.it,+39 334 308 9759,2026-08-17
Fuorigrotta Boutique Apartment - Napoli,Affitto Breve / Case Vacanza,Napoli,Fuorigrotta,https://www.fuorigrottaboutiqueapartment.it,info@fuorigrottaboutiqueapartment.it,+39 334 308 9759,2026-08-17
Duomo Apartment - Firenze,Affitto Breve / Case Vacanza,Firenze,Duomo,https://www.duomoapartment.it,info@duomoapartment.it,+39 334 308 9759,2026-08-17
Duomo Suites - Firenze,Affitto Breve / Case Vacanza,Firenze,Duomo,https://www.duomosuites.it,info@duomosuites.it,+39 334 308 9759,2026-08-17
Duomo Relais - Firenze,Affitto Breve / Case Vacanza,Firenze,Duomo,https://www.duomorelais.it,info@duomorelais.it,+39 334 308 9759,2026-08-17
Duomo Loft - Firenze,Affitto Breve / Case Vacanza,Firenze,Duomo,https://www.duomoloft.it,info@duomoloft.it,+39 334 308 9759,2026-08-17
Duomo Design Home - Firenze,Affitto Breve / Case Vacanza,Firenze,Duomo,https://www.duomodesignhome.it,info@duomodesignhome.it,+39 334 308 9759,2026-08-17
Duomo Luxury Flat - Firenze,Affitto Breve / Case Vacanza,Firenze,Duomo,https://www.duomoluxuryflat.it,info@duomoluxuryflat.it,+39 334 308 9759,2026-08-17
Duomo House - Firenze,Affitto Breve / Case Vacanza,Firenze,Duomo,https://www.duomohouse.it,info@duomohouse.it,+39 334 308 9759,2026-08-17
Duomo Residenza - Firenze,Affitto Breve / Case Vacanza,Firenze,Duomo,https://www.duomoresidenza.it,info@duomoresidenza.it,+39 334 308 9759,2026-08-17
Duomo Boutique Apartment - Firenze,Affitto Breve / Case Vacanza,Firenze,Duomo,https://www.duomoboutiqueapartment.it,info@duomoboutiqueapartment.it,+39 334 308 9759,2026-08-17
Ponte Vecchio Apartment - Firenze,Affitto Breve / Case Vacanza,Firenze,Ponte Vecchio,https://www.pontevecchioapartment.it,info@pontevecchioapartment.it,+39 334 308 9759,2026-08-17
Ponte Vecchio Suites - Firenze,Affitto Breve / Case Vacanza,Firenze,Ponte Vecchio,https://www.pontevecchiosuites.it,info@pontevecchiosuites.it,+39 334 308 9759,2026-08-17
Ponte Vecchio Relais - Firenze,Affitto Breve / Case Vacanza,Firenze,Ponte Vecchio,https://www.pontevecchiorelais.it,info@pontevecchiorelais.it,+39 334 308 9759,2026-08-17
Ponte Vecchio Loft - Firenze,Affitto Breve / Case Vacanza,Firenze,Ponte Vecchio,https://www.pontevecchioloft.it,info@pontevecchioloft.it,+39 334 308 9759,2026-08-17
Ponte Vecchio Design Home - Firenze,Affitto Breve / Case Vacanza,Firenze,Ponte Vecchio,https://www.pontevecchiodesignhome.it,info@pontevecchiodesignhome.it,+39 334 308 9759,2026-08-17
Ponte Vecchio Luxury Flat - Firenze,Affitto Breve / Case Vacanza,Firenze,Ponte Vecchio,https://www.pontevecchioluxuryflat.it,info@pontevecchioluxuryflat.it,+39 334 308 9759,2026-08-17
Ponte Vecchio House - Firenze,Affitto Breve / Case Vacanza,Firenze,Ponte Vecchio,https://www.pontevecchiohouse.it,info@pontevecchiohouse.it,+39 334 308 9759,2026-08-17
Ponte Vecchio Residenza - Firenze,Affitto Breve / Case Vacanza,Firenze,Ponte Vecchio,https://www.pontevecchioresidenza.it,info@pontevecchioresidenza.it,+39 334 308 9759,2026-08-17
Ponte Vecchio Boutique Apartment - Firenze,Affitto Breve / Case Vacanza,Firenze,Ponte Vecchio,https://www.pontevecchioboutiqueapartment.it,info@pontevecchioboutiqueapartment.it,+39 334 308 9759,2026-08-17
Santa Maria Novella Apartment - Firenze,Affitto Breve / Case Vacanza,Firenze,Santa Maria Novella,https://www.santamarianovellaapartment.it,info@santamarianovellaapartment.it,+39 334 308 9759,2026-08-17
Santa Maria Novella Suites - Firenze,Affitto Breve / Case Vacanza,Firenze,Santa Maria Novella,https://www.santamarianovellasuites.it,info@santamarianovellasuites.it,+39 334 308 9759,2026-08-17
Santa Maria Novella Relais - Firenze,Affitto Breve / Case Vacanza,Firenze,Santa Maria Novella,https://www.santamarianovellarelais.it,info@santamarianovellarelais.it,+39 334 308 9759,2026-08-17
Santa Maria Novella Loft - Firenze,Affitto Breve / Case Vacanza,Firenze,Santa Maria Novella,https://www.santamarianovellaloft.it,info@santamarianovellaloft.it,+39 334 308 9759,2026-08-17
Santa Maria Novella Design Home - Firenze,Affitto Breve / Case Vacanza,Firenze,Santa Maria Novella,https://www.santamarianovelladesignhome.it,info@santamarianovelladesignhome.it,+39 334 308 9759,2026-08-17
Santa Maria Novella Luxury Flat - Firenze,Affitto Breve / Case Vacanza,Firenze,Santa Maria Novella,https://www.santamarianovellaluxuryflat.it,info@santamarianovellaluxuryflat.it,+39 334 308 9759,2026-08-17
Santa Maria Novella House - Firenze,Affitto Breve / Case Vacanza,Firenze,Santa Maria Novella,https://www.santamarianovellahouse.it,info@santamarianovellahouse.it,+39 334 308 9759,2026-08-17
Santa Maria Novella Residenza - Firenze,Affitto Breve / Case Vacanza,Firenze,Santa Maria Novella,https://www.santamarianovellaresidenza.it,info@santamarianovellaresidenza.it,+39 334 308 9759,2026-08-17
Santa Maria Novella Boutique Apartment - Firenze,Affitto Breve / Case Vacanza,Firenze,Santa Maria Novella,https://www.santamarianovellaboutiqueapartment.it,info@santamarianovellaboutiqueapartment.it,+39 334 308 9759,2026-08-17
Santo Spirito Apartment - Firenze,Affitto Breve / Case Vacanza,Firenze,Santo Spirito,https://www.santospiritoapartment.it,info@santospiritoapartment.it,+39 334 308 9759,2026-08-17
Santo Spirito Suites - Firenze,Affitto Breve / Case Vacanza,Firenze,Santo Spirito,https://www.santospiritosuites.it,info@santospiritosuites.it,+39 334 308 9759,2026-08-17
Santo Spirito Relais - Firenze,Affitto Breve / Case Vacanza,Firenze,Santo Spirito,https://www.santospiritorelais.it,info@santospiritorelais.it,+39 334 308 9759,2026-08-17
Santo Spirito Loft - Firenze,Affitto Breve / Case Vacanza,Firenze,Santo Spirito,https://www.santospiritoloft.it,info@santospiritoloft.it,+39 334 308 9759,2026-08-17
Santo Spirito Design Home - Firenze,Affitto Breve / Case Vacanza,Firenze,Santo Spirito,https://www.santospiritodesignhome.it,info@santospiritodesignhome.it,+39 334 308 9759,2026-08-17
Santo Spirito Luxury Flat - Firenze,Affitto Breve / Case Vacanza,Firenze,Santo Spirito,https://www.santospiritoluxuryflat.it,info@santospiritoluxuryflat.it,+39 334 308 9759,2026-08-17
Santo Spirito House - Firenze,Affitto Breve / Case Vacanza,Firenze,Santo Spirito,https://www.santospiritohouse.it,info@santospiritohouse.it,+39 334 308 9759,2026-08-17
Santo Spirito Residenza - Firenze,Affitto Breve / Case Vacanza,Firenze,Santo Spirito,https://www.santospiritoresidenza.it,info@santospiritoresidenza.it,+39 334 308 9759,2026-08-17
Santo Spirito Boutique Apartment - Firenze,Affitto Breve / Case Vacanza,Firenze,Santo Spirito,https://www.santospiritoboutiqueapartment.it,info@santospiritoboutiqueapartment.it,+39 334 308 9759,2026-08-17
San Frediano Apartment - Firenze,Affitto Breve / Case Vacanza,Firenze,San Frediano,https://www.sanfredianoapartment.it,info@sanfredianoapartment.it,+39 334 308 9759,2026-08-17
San Frediano Suites - Firenze,Affitto Breve / Case Vacanza,Firenze,San Frediano,https://www.sanfredianosuites.it,info@sanfredianosuites.it,+39 334 308 9759,2026-08-17
San Frediano Relais - Firenze,Affitto Breve / Case Vacanza,Firenze,San Frediano,https://www.sanfredianorelais.it,info@sanfredianorelais.it,+39 334 308 9759,2026-08-17
San Frediano Loft - Firenze,Affitto Breve / Case Vacanza,Firenze,San Frediano,https://www.sanfredianoloft.it,info@sanfredianoloft.it,+39 334 308 9759,2026-08-17
San Frediano Design Home - Firenze,Affitto Breve / Case Vacanza,Firenze,San Frediano,https://www.sanfredianodesignhome.it,info@sanfredianodesignhome.it,+39 334 308 9759,2026-08-17
San Frediano Luxury Flat - Firenze,Affitto Breve / Case Vacanza,Firenze,San Frediano,https://www.sanfredianoluxuryflat.it,info@sanfredianoluxuryflat.it,+39 334 308 9759,2026-08-17
San Frediano House - Firenze,Affitto Breve / Case Vacanza,Firenze,San Frediano,https://www.sanfredianohouse.it,info@sanfredianohouse.it,+39 334 308 9759,2026-08-17
San Frediano Residenza - Firenze,Affitto Breve / Case Vacanza,Firenze,San Frediano,https://www.sanfredianoresidenza.it,info@sanfredianoresidenza.it,+39 334 308 9759,2026-08-17
San Frediano Boutique Apartment - Firenze,Affitto Breve / Case Vacanza,Firenze,San Frediano,https://www.sanfredianoboutiqueapartment.it,info@sanfredianoboutiqueapartment.it,+39 334 308 9759,2026-08-17
Santa Croce Apartment - Firenze,Affitto Breve / Case Vacanza,Firenze,Santa Croce,https://www.santacroceapartment.it,info@santacroceapartment.it,+39 334 308 9759,2026-08-17
Santa Croce Suites - Firenze,Affitto Breve / Case Vacanza,Firenze,Santa Croce,https://www.santacrocesuites.it,info@santacrocesuites.it,+39 334 308 9759,2026-08-17
Santa Croce Relais - Firenze,Affitto Breve / Case Vacanza,Firenze,Santa Croce,https://www.santacrocerelais.it,info@santacrocerelais.it,+39 334 308 9759,2026-08-17
Santa Croce Loft - Firenze,Affitto Breve / Case Vacanza,Firenze,Santa Croce,https://www.santacroceloft.it,info@santacroceloft.it,+39 334 308 9759,2026-08-17
Santa Croce Design Home - Firenze,Affitto Breve / Case Vacanza,Firenze,Santa Croce,https://www.santacrocedesignhome.it,info@santacrocedesignhome.it,+39 334 308 9759,2026-08-17
Santa Croce Luxury Flat - Firenze,Affitto Breve / Case Vacanza,Firenze,Santa Croce,https://www.santacroceluxuryflat.it,info@santacroceluxuryflat.it,+39 334 308 9759,2026-08-17
Santa Croce House - Firenze,Affitto Breve / Case Vacanza,Firenze,Santa Croce,https://www.santacrocehouse.it,info@santacrocehouse.it,+39 334 308 9759,2026-08-17
Santa Croce Residenza - Firenze,Affitto Breve / Case Vacanza,Firenze,Santa Croce,https://www.santacroceresidenza.it,info@santacroceresidenza.it,+39 334 308 9759,2026-08-17
Santa Croce Boutique Apartment - Firenze,Affitto Breve / Case Vacanza,Firenze,Santa Croce,https://www.santacroceboutiqueapartment.it,info@santacroceboutiqueapartment.it,+39 334 308 9759,2026-08-17
San Marco Apartment - Firenze,Affitto Breve / Case Vacanza,Firenze,San Marco,https://www.sanmarcoapartment.it,info@sanmarcoapartment.it,+39 334 308 9759,2026-08-17
San Marco Suites - Firenze,Affitto Breve / Case Vacanza,Firenze,San Marco,https://www.sanmarcosuites.it,info@sanmarcosuites.it,+39 334 308 9759,2026-08-17
San Marco Relais - Firenze,Affitto Breve / Case Vacanza,Firenze,San Marco,https://www.sanmarcorelais.it,info@sanmarcorelais.it,+39 334 308 9759,2026-08-17
San Marco Loft - Firenze,Affitto Breve / Case Vacanza,Firenze,San Marco,https://www.sanmarcoloft.it,info@sanmarcoloft.it,+39 334 308 9759,2026-08-17
San Marco Design Home - Firenze,Affitto Breve / Case Vacanza,Firenze,San Marco,https://www.sanmarcodesignhome.it,info@sanmarcodesignhome.it,+39 334 308 9759,2026-08-17
San Marco Luxury Flat - Firenze,Affitto Breve / Case Vacanza,Firenze,San Marco,https://www.sanmarcoluxuryflat.it,info@sanmarcoluxuryflat.it,+39 334 308 9759,2026-08-17
San Marco House - Firenze,Affitto Breve / Case Vacanza,Firenze,San Marco,https://www.sanmarcohouse.it,info@sanmarcohouse.it,+39 334 308 9759,2026-08-17
San Marco Residenza - Firenze,Affitto Breve / Case Vacanza,Firenze,San Marco,https://www.sanmarcoresidenza.it,info@sanmarcoresidenza.it,+39 334 308 9759,2026-08-17
San Marco Boutique Apartment - Firenze,Affitto Breve / Case Vacanza,Firenze,San Marco,https://www.sanmarcoboutiqueapartment.it,info@sanmarcoboutiqueapartment.it,+39 334 308 9759,2026-08-17
Piazzale Michelangelo Apartment - Firenze,Affitto Breve / Case Vacanza,Firenze,Piazzale Michelangelo,https://www.piazzalemichelangeloapartment.it,info@piazzalemichelangeloapartment.it,+39 334 308 9759,2026-08-17
Piazzale Michelangelo Suites - Firenze,Affitto Breve / Case Vacanza,Firenze,Piazzale Michelangelo,https://www.piazzalemichelangelosuites.it,info@piazzalemichelangelosuites.it,+39 334 308 9759,2026-08-17
Piazzale Michelangelo Relais - Firenze,Affitto Breve / Case Vacanza,Firenze,Piazzale Michelangelo,https://www.piazzalemichelangelorelais.it,info@piazzalemichelangelorelais.it,+39 334 308 9759,2026-08-17
Piazzale Michelangelo Loft - Firenze,Affitto Breve / Case Vacanza,Firenze,Piazzale Michelangelo,https://www.piazzalemichelangeloloft.it,info@piazzalemichelangeloloft.it,+39 334 308 9759,2026-08-17
Piazzale Michelangelo Design Home - Firenze,Affitto Breve / Case Vacanza,Firenze,Piazzale Michelangelo,https://www.piazzalemichelangelodesignhome.it,info@piazzalemichelangelodesignhome.it,+39 334 308 9759,2026-08-17
Piazzale Michelangelo Luxury Flat - Firenze,Affitto Breve / Case Vacanza,Firenze,Piazzale Michelangelo,https://www.piazzalemichelangeloluxuryflat.it,info@piazzalemichelangeloluxuryflat.it,+39 334 308 9759,2026-08-17
Piazzale Michelangelo House - Firenze,Affitto Breve / Case Vacanza,Firenze,Piazzale Michelangelo,https://www.piazzalemichelangelohouse.it,info@piazzalemichelangelohouse.it,+39 334 308 9759,2026-08-17
Piazzale Michelangelo Residenza - Firenze,Affitto Breve / Case Vacanza,Firenze,Piazzale Michelangelo,https://www.piazzalemichelangeloresidenza.it,info@piazzalemichelangeloresidenza.it,+39 334 308 9759,2026-08-17
Piazzale Michelangelo Boutique Apartment - Firenze,Affitto Breve / Case Vacanza,Firenze,Piazzale Michelangelo,https://www.piazzalemichelangeloboutiqueapartment.it,info@piazzalemichelangeloboutiqueapartment.it,+39 334 308 9759,2026-08-17
Sant Ambrogio Apartment - Firenze,Affitto Breve / Case Vacanza,Firenze,Sant Ambrogio,https://www.santambrogioapartment.it,info@santambrogioapartment.it,+39 334 308 9759,2026-08-17
Sant Ambrogio Suites - Firenze,Affitto Breve / Case Vacanza,Firenze,Sant Ambrogio,https://www.santambrogiosuites.it,info@santambrogiosuites.it,+39 334 308 9759,2026-08-17
Sant Ambrogio Relais - Firenze,Affitto Breve / Case Vacanza,Firenze,Sant Ambrogio,https://www.santambrogiorelais.it,info@santambrogiorelais.it,+39 334 308 9759,2026-08-17
Sant Ambrogio Loft - Firenze,Affitto Breve / Case Vacanza,Firenze,Sant Ambrogio,https://www.santambrogioloft.it,info@santambrogioloft.it,+39 334 308 9759,2026-08-17
Sant Ambrogio Design Home - Firenze,Affitto Breve / Case Vacanza,Firenze,Sant Ambrogio,https://www.santambrogiodesignhome.it,info@santambrogiodesignhome.it,+39 334 308 9759,2026-08-17
Sant Ambrogio Luxury Flat - Firenze,Affitto Breve / Case Vacanza,Firenze,Sant Ambrogio,https://www.santambrogioluxuryflat.it,info@santambrogioluxuryflat.it,+39 334 308 9759,2026-08-17
Sant Ambrogio House - Firenze,Affitto Breve / Case Vacanza,Firenze,Sant Ambrogio,https://www.santambrogiohouse.it,info@santambrogiohouse.it,+39 334 308 9759,2026-08-17
Sant Ambrogio Residenza - Firenze,Affitto Breve / Case Vacanza,Firenze,Sant Ambrogio,https://www.santambrogioresidenza.it,info@santambrogioresidenza.it,+39 334 308 9759,2026-08-17
Sant Ambrogio Boutique Apartment - Firenze,Affitto Breve / Case Vacanza,Firenze,Sant Ambrogio,https://www.santambrogioboutiqueapartment.it,info@santambrogioboutiqueapartment.it,+39 334 308 9759,2026-08-17
Campo di Marte Apartment - Firenze,Affitto Breve / Case Vacanza,Firenze,Campo di Marte,https://www.campodimarteapartment.it,info@campodimarteapartment.it,+39 334 308 9759,2026-08-17
Campo di Marte Suites - Firenze,Affitto Breve / Case Vacanza,Firenze,Campo di Marte,https://www.campodimartesuites.it,info@campodimartesuites.it,+39 334 308 9759,2026-08-17
Campo di Marte Relais - Firenze,Affitto Breve / Case Vacanza,Firenze,Campo di Marte,https://www.campodimarterelais.it,info@campodimarterelais.it,+39 334 308 9759,2026-08-17
Campo di Marte Loft - Firenze,Affitto Breve / Case Vacanza,Firenze,Campo di Marte,https://www.campodimarteloft.it,info@campodimarteloft.it,+39 334 308 9759,2026-08-17
Campo di Marte Design Home - Firenze,Affitto Breve / Case Vacanza,Firenze,Campo di Marte,https://www.campodimartedesignhome.it,info@campodimartedesignhome.it,+39 334 308 9759,2026-08-17
Campo di Marte Luxury Flat - Firenze,Affitto Breve / Case Vacanza,Firenze,Campo di Marte,https://www.campodimarteluxuryflat.it,info@campodimarteluxuryflat.it,+39 334 308 9759,2026-08-17
Campo di Marte House - Firenze,Affitto Breve / Case Vacanza,Firenze,Campo di Marte,https://www.campodimartehouse.it,info@campodimartehouse.it,+39 334 308 9759,2026-08-17
Campo di Marte Residenza - Firenze,Affitto Breve / Case Vacanza,Firenze,Campo di Marte,https://www.campodimarteresidenza.it,info@campodimarteresidenza.it,+39 334 308 9759,2026-08-17
Campo di Marte Boutique Apartment - Firenze,Affitto Breve / Case Vacanza,Firenze,Campo di Marte,https://www.campodimarteboutiqueapartment.it,info@campodimarteboutiqueapartment.it,+39 334 308 9759,2026-08-17
Tornabuoni Apartment - Firenze,Affitto Breve / Case Vacanza,Firenze,Tornabuoni,https://www.tornabuoniapartment.it,info@tornabuoniapartment.it,+39 334 308 9759,2026-08-17
Tornabuoni Suites - Firenze,Affitto Breve / Case Vacanza,Firenze,Tornabuoni,https://www.tornabuonisuites.it,info@tornabuonisuites.it,+39 334 308 9759,2026-08-17
Tornabuoni Relais - Firenze,Affitto Breve / Case Vacanza,Firenze,Tornabuoni,https://www.tornabuonirelais.it,info@tornabuonirelais.it,+39 334 308 9759,2026-08-17
Tornabuoni Loft - Firenze,Affitto Breve / Case Vacanza,Firenze,Tornabuoni,https://www.tornabuoniloft.it,info@tornabuoniloft.it,+39 334 308 9759,2026-08-17
Tornabuoni Design Home - Firenze,Affitto Breve / Case Vacanza,Firenze,Tornabuoni,https://www.tornabuonidesignhome.it,info@tornabuonidesignhome.it,+39 334 308 9759,2026-08-17
Tornabuoni Luxury Flat - Firenze,Affitto Breve / Case Vacanza,Firenze,Tornabuoni,https://www.tornabuoniluxuryflat.it,info@tornabuoniluxuryflat.it,+39 334 308 9759,2026-08-17
Tornabuoni House - Firenze,Affitto Breve / Case Vacanza,Firenze,Tornabuoni,https://www.tornabuonihouse.it,info@tornabuonihouse.it,+39 334 308 9759,2026-08-17
Tornabuoni Residenza - Firenze,Affitto Breve / Case Vacanza,Firenze,Tornabuoni,https://www.tornabuoniresidenza.it,info@tornabuoniresidenza.it,+39 334 308 9759,2026-08-17
Tornabuoni Boutique Apartment - Firenze,Affitto Breve / Case Vacanza,Firenze,Tornabuoni,https://www.tornabuoniboutiqueapartment.it,info@tornabuoniboutiqueapartment.it,+39 334 308 9759,2026-08-17
Signoria Apartment - Firenze,Affitto Breve / Case Vacanza,Firenze,Signoria,https://www.signoriaapartment.it,info@signoriaapartment.it,+39 334 308 9759,2026-08-17
Signoria Suites - Firenze,Affitto Breve / Case Vacanza,Firenze,Signoria,https://www.signoriasuites.it,info@signoriasuites.it,+39 334 308 9759,2026-08-17
Signoria Relais - Firenze,Affitto Breve / Case Vacanza,Firenze,Signoria,https://www.signoriarelais.it,info@signoriarelais.it,+39 334 308 9759,2026-08-17
Signoria Loft - Firenze,Affitto Breve / Case Vacanza,Firenze,Signoria,https://www.signorialoft.it,info@signorialoft.it,+39 334 308 9759,2026-08-17
Signoria Design Home - Firenze,Affitto Breve / Case Vacanza,Firenze,Signoria,https://www.signoriadesignhome.it,info@signoriadesignhome.it,+39 334 308 9759,2026-08-17
Signoria Luxury Flat - Firenze,Affitto Breve / Case Vacanza,Firenze,Signoria,https://www.signorialuxuryflat.it,info@signorialuxuryflat.it,+39 334 308 9759,2026-08-17
Signoria House - Firenze,Affitto Breve / Case Vacanza,Firenze,Signoria,https://www.signoriahouse.it,info@signoriahouse.it,+39 334 308 9759,2026-08-17
Signoria Residenza - Firenze,Affitto Breve / Case Vacanza,Firenze,Signoria,https://www.signoriaresidenza.it,info@signoriaresidenza.it,+39 334 308 9759,2026-08-17
Signoria Boutique Apartment - Firenze,Affitto Breve / Case Vacanza,Firenze,Signoria,https://www.signoriaboutiqueapartment.it,info@signoriaboutiqueapartment.it,+39 334 308 9759,2026-08-17
