info@gabettifranchising.it,2026-08-21T17:24:26.459727,AIRBNB_HOST_PM,Roma,Centro Storico - Navona
leadgeneration@remax.it,2026-08-21T17:24:31.814703,AIRBNB_HOST_PM,Roma,Centro Storico - Navona
you@company.com,2026-08-21T17:24:35.462701,AIRBNB_HOST_PM,Roma,Centro Storico - Navona
leaflet@1.7.1,2026-08-21T17:24:40.970658,AIRBNB_HOST_PM,Roma,Centro Storico - Navona
paris@engelvoelkers.com,2026-08-21T17:24:45.703462,AIRBNB_HOST_PM,Roma,Centro Storico - Navona
info@rockagent.it,2026-08-21T17:24:50.507895,AIRBNB_HOST_PM,Roma,Centro Storico - Navona
info@century21.it,2026-08-21T17:24:56.424600,AIRBNB_HOST_PM,Roma,Centro Storico - Navona
strategieimmobiliari2024@legalmail.it,2026-08-21T17:25:01.737937,AIRBNB_HOST_PM,Roma,Centro Storico - Navona
sviluppo@fondocasa.it,2026-08-21T17:25:07.165416,AIRBNB_HOST_PM,Roma,Centro Storico - Navona
hello@cleanbnb.it,2026-08-21T17:25:11.992284,AIRBNB_HOST_PM,Roma,Centro Storico - Navona
privacy@joivy.com,2026-08-21T17:25:18.689593,AIRBNB_HOST_PM,Roma,Centro Storico - Navona
booking@italianway.house,2026-08-21T17:25:23.440899,AIRBNB_HOST_PM,Roma,Centro Storico - Navona
societavitasrl@legalmail.it,2026-08-21T17:25:28.021681,AIRBNB_HOST_PM,Roma,Centro Storico - Navona
commerciale@iflat.it,2026-08-21T17:25:33.161819,AIRBNB_HOST_PM,Roma,Centro Storico - Navona
info@varental.it,2026-08-21T17:25:38.337505,AIRBNB_HOST_PM,Roma,Centro Storico - Navona
info@myextrahome.com,2026-08-21T17:25:42.816335,AIRBNB_HOST_PM,Roma,Centro Storico - Navona
info@gabettifranchising.it,2026-08-21T17:25:46.693822,AIRBNB_HOST_PM,Roma,Centro Storico - Pantheon
leadgeneration@remax.it,2026-08-21T17:25:51.798431,AIRBNB_HOST_PM,Roma,Centro Storico - Pantheon
