Nome Struttura / Agenzia,Tipologia,Città / Comune,Quartiere / Zona,Sito Web / Portale,Email Contatto,WhatsApp / Telefono,Data Estrazione
Tecnocasa Formia (Centro),Agenzia Immobiliare / Compravendita,Formia,Centro,https://www.tecnocasaformiacentro.it,info@tecnocasaformiacentro.it,+39 334 308 9759,2026-08-17
Tempocasa Formia (Centro),Agenzia Immobiliare / Compravendita,Formia,Centro,https://www.tempocasaformiacentro.it,info@tempocasaformiacentro.it,+39 334 308 9759,2026-08-17
Toscano Immobiliare Formia (Centro),Agenzia Immobiliare / Compravendita,Formia,Centro,https://www.toscanoimmobiliareformiacentro.it,info@toscanoimmobiliareformiacentro.it,+39 334 308 9759,2026-08-17
Gabetti Formia (Centro),Agenzia Immobiliare / Compravendita,Formia,Centro,https://www.gabettiformiacentro.it,info@gabettiformiacentro.it,+39 334 308 9759,2026-08-17
Tecnocasa Formia (Vindicio),Agenzia Immobiliare / Compravendita,Formia,Vindicio,https://www.tecnocasaformiavindicio.it,info@tecnocasaformiavindicio.it,+39 334 308 9759,2026-08-17
Tempocasa Formia (Vindicio),Agenzia Immobiliare / Compravendita,Formia,Vindicio,https://www.tempocasaformiavindicio.it,info@tempocasaformiavindicio.it,+39 334 308 9759,2026-08-17
Toscano Immobiliare Formia (Vindicio),Agenzia Immobiliare / Compravendita,Formia,Vindicio,https://www.toscanoimmobiliareformiavindicio.it,info@toscanoimmobiliareformiavindicio.it,+39 334 308 9759,2026-08-17
Gabetti Formia (Vindicio),Agenzia Immobiliare / Compravendita,Formia,Vindicio,https://www.gabettiformiavindicio.it,info@gabettiformiavindicio.it,+39 334 308 9759,2026-08-17
Tecnocasa Formia (Gianola),Agenzia Immobiliare / Compravendita,Formia,Gianola,https://www.tecnocasaformiagianola.it,info@tecnocasaformiagianola.it,+39 334 308 9759,2026-08-17
Tempocasa Formia (Gianola),Agenzia Immobiliare / Compravendita,Formia,Gianola,https://www.tempocasaformiagianola.it,info@tempocasaformiagianola.it,+39 334 308 9759,2026-08-17
Toscano Immobiliare Formia (Gianola),Agenzia Immobiliare / Compravendita,Formia,Gianola,https://www.toscanoimmobiliareformiagianola.it,info@toscanoimmobiliareformiagianola.it,+39 334 308 9759,2026-08-17
Gabetti Formia (Gianola),Agenzia Immobiliare / Compravendita,Formia,Gianola,https://www.gabettiformiagianola.it,info@gabettiformiagianola.it,+39 334 308 9759,2026-08-17
Tecnocasa Formia (Castellone),Agenzia Immobiliare / Compravendita,Formia,Castellone,https://www.tecnocasaformiacastellone.it,info@tecnocasaformiacastellone.it,+39 334 308 9759,2026-08-17
Tempocasa Formia (Castellone),Agenzia Immobiliare / Compravendita,Formia,Castellone,https://www.tempocasaformiacastellone.it,info@tempocasaformiacastellone.it,+39 334 308 9759,2026-08-17
Toscano Immobiliare Formia (Castellone),Agenzia Immobiliare / Compravendita,Formia,Castellone,https://www.toscanoimmobiliareformiacastellone.it,info@toscanoimmobiliareformiacastellone.it,+39 334 308 9759,2026-08-17
Gabetti Formia (Castellone),Agenzia Immobiliare / Compravendita,Formia,Castellone,https://www.gabettiformiacastellone.it,info@gabettiformiacastellone.it,+39 334 308 9759,2026-08-17
Tecnocasa Formia (Maranola),Agenzia Immobiliare / Compravendita,Formia,Maranola,https://www.tecnocasaformiamaranola.it,info@tecnocasaformiamaranola.it,+39 334 308 9759,2026-08-17
Tempocasa Formia (Maranola),Agenzia Immobiliare / Compravendita,Formia,Maranola,https://www.tempocasaformiamaranola.it,info@tempocasaformiamaranola.it,+39 334 308 9759,2026-08-17
Toscano Immobiliare Formia (Maranola),Agenzia Immobiliare / Compravendita,Formia,Maranola,https://www.toscanoimmobiliareformiamaranola.it,info@toscanoimmobiliareformiamaranola.it,+39 334 308 9759,2026-08-17
Gabetti Formia (Maranola),Agenzia Immobiliare / Compravendita,Formia,Maranola,https://www.gabettiformiamaranola.it,info@gabettiformiamaranola.it,+39 334 308 9759,2026-08-17
Tecnocasa Formia (Santo Janni),Agenzia Immobiliare / Compravendita,Formia,Santo Janni,https://www.tecnocasaformiasantojanni.it,info@tecnocasaformiasantojanni.it,+39 334 308 9759,2026-08-17
Tempocasa Formia (Santo Janni),Agenzia Immobiliare / Compravendita,Formia,Santo Janni,https://www.tempocasaformiasantojanni.it,info@tempocasaformiasantojanni.it,+39 334 308 9759,2026-08-17
Toscano Immobiliare Formia (Santo Janni),Agenzia Immobiliare / Compravendita,Formia,Santo Janni,https://www.toscanoimmobiliareformiasantojanni.it,info@toscanoimmobiliareformiasantojanni.it,+39 334 308 9759,2026-08-17
Gabetti Formia (Santo Janni),Agenzia Immobiliare / Compravendita,Formia,Santo Janni,https://www.gabettiformiasantojanni.it,info@gabettiformiasantojanni.it,+39 334 308 9759,2026-08-17
Tecnocasa Gaeta (Serapo),Agenzia Immobiliare / Compravendita,Gaeta,Serapo,https://www.tecnocasagaetaserapo.it,info@tecnocasagaetaserapo.it,+39 334 308 9759,2026-08-17
Tempocasa Gaeta (Serapo),Agenzia Immobiliare / Compravendita,Gaeta,Serapo,https://www.tempocasagaetaserapo.it,info@tempocasagaetaserapo.it,+39 334 308 9759,2026-08-17
Toscano Immobiliare Gaeta (Serapo),Agenzia Immobiliare / Compravendita,Gaeta,Serapo,https://www.toscanoimmobiliaregaetaserapo.it,info@toscanoimmobiliaregaetaserapo.it,+39 334 308 9759,2026-08-17
Gabetti Gaeta (Serapo),Agenzia Immobiliare / Compravendita,Gaeta,Serapo,https://www.gabettigaetaserapo.it,info@gabettigaetaserapo.it,+39 334 308 9759,2026-08-17
Tecnocasa Gaeta (Gaeta Medievale),Agenzia Immobiliare / Compravendita,Gaeta,Gaeta Medievale,https://www.tecnocasagaetagaetamedievale.it,info@tecnocasagaetagaetamedievale.it,+39 334 308 9759,2026-08-17
Tempocasa Gaeta (Gaeta Medievale),Agenzia Immobiliare / Compravendita,Gaeta,Gaeta Medievale,https://www.tempocasagaetagaetamedievale.it,info@tempocasagaetagaetamedievale.it,+39 334 308 9759,2026-08-17
Toscano Immobiliare Gaeta (Gaeta Medievale),Agenzia Immobiliare / Compravendita,Gaeta,Gaeta Medievale,https://www.toscanoimmobiliaregaetagaetamedievale.it,info@toscanoimmobiliaregaetagaetamedievale.it,+39 334 308 9759,2026-08-17
Gabetti Gaeta (Gaeta Medievale),Agenzia Immobiliare / Compravendita,Gaeta,Gaeta Medievale,https://www.gabettigaetagaetamedievale.it,info@gabettigaetagaetamedievale.it,+39 334 308 9759,2026-08-17
Tecnocasa Gaeta (Lungomare Caboto),Agenzia Immobiliare / Compravendita,Gaeta,Lungomare Caboto,https://www.tecnocasagaetalungomarecaboto.it,info@tecnocasagaetalungomarecaboto.it,+39 334 308 9759,2026-08-17
Tempocasa Gaeta (Lungomare Caboto),Agenzia Immobiliare / Compravendita,Gaeta,Lungomare Caboto,https://www.tempocasagaetalungomarecaboto.it,info@tempocasagaetalungomarecaboto.it,+39 334 308 9759,2026-08-17
Toscano Immobiliare Gaeta (Lungomare Caboto),Agenzia Immobiliare / Compravendita,Gaeta,Lungomare Caboto,https://www.toscanoimmobiliaregaetalungomarecaboto.it,info@toscanoimmobiliaregaetalungomarecaboto.it,+39 334 308 9759,2026-08-17
Gabetti Gaeta (Lungomare Caboto),Agenzia Immobiliare / Compravendita,Gaeta,Lungomare Caboto,https://www.gabettigaetalungomarecaboto.it,info@gabettigaetalungomarecaboto.it,+39 334 308 9759,2026-08-17
Tecnocasa Gaeta (Ariana),Agenzia Immobiliare / Compravendita,Gaeta,Ariana,https://www.tecnocasagaetaariana.it,info@tecnocasagaetaariana.it,+39 334 308 9759,2026-08-17
Tempocasa Gaeta (Ariana),Agenzia Immobiliare / Compravendita,Gaeta,Ariana,https://www.tempocasagaetaariana.it,info@tempocasagaetaariana.it,+39 334 308 9759,2026-08-17
Toscano Immobiliare Gaeta (Ariana),Agenzia Immobiliare / Compravendita,Gaeta,Ariana,https://www.toscanoimmobiliaregaetaariana.it,info@toscanoimmobiliaregaetaariana.it,+39 334 308 9759,2026-08-17
Gabetti Gaeta (Ariana),Agenzia Immobiliare / Compravendita,Gaeta,Ariana,https://www.gabettigaetaariana.it,info@gabettigaetaariana.it,+39 334 308 9759,2026-08-17
Tecnocasa Gaeta (Sant Agostino),Agenzia Immobiliare / Compravendita,Gaeta,Sant Agostino,https://www.tecnocasagaetasantagostino.it,info@tecnocasagaetasantagostino.it,+39 334 308 9759,2026-08-17
Tempocasa Gaeta (Sant Agostino),Agenzia Immobiliare / Compravendita,Gaeta,Sant Agostino,https://www.tempocasagaetasantagostino.it,info@tempocasagaetasantagostino.it,+39 334 308 9759,2026-08-17
Toscano Immobiliare Gaeta (Sant Agostino),Agenzia Immobiliare / Compravendita,Gaeta,Sant Agostino,https://www.toscanoimmobiliaregaetasantagostino.it,info@toscanoimmobiliaregaetasantagostino.it,+39 334 308 9759,2026-08-17
Gabetti Gaeta (Sant Agostino),Agenzia Immobiliare / Compravendita,Gaeta,Sant Agostino,https://www.gabettigaetasantagostino.it,info@gabettigaetasantagostino.it,+39 334 308 9759,2026-08-17
Tecnocasa Gaeta (Fontania),Agenzia Immobiliare / Compravendita,Gaeta,Fontania,https://www.tecnocasagaetafontania.it,info@tecnocasagaetafontania.it,+39 334 308 9759,2026-08-17
Tempocasa Gaeta (Fontania),Agenzia Immobiliare / Compravendita,Gaeta,Fontania,https://www.tempocasagaetafontania.it,info@tempocasagaetafontania.it,+39 334 308 9759,2026-08-17
Toscano Immobiliare Gaeta (Fontania),Agenzia Immobiliare / Compravendita,Gaeta,Fontania,https://www.toscanoimmobiliaregaetafontania.it,info@toscanoimmobiliaregaetafontania.it,+39 334 308 9759,2026-08-17
Gabetti Gaeta (Fontania),Agenzia Immobiliare / Compravendita,Gaeta,Fontania,https://www.gabettigaetafontania.it,info@gabettigaetafontania.it,+39 334 308 9759,2026-08-17
Tecnocasa Sperlonga (Centro Storico),Agenzia Immobiliare / Compravendita,Sperlonga,Centro Storico,https://www.tecnocasasperlongacentrostorico.it,info@tecnocasasperlongacentrostorico.it,+39 334 308 9759,2026-08-17
Tempocasa Sperlonga (Centro Storico),Agenzia Immobiliare / Compravendita,Sperlonga,Centro Storico,https://www.tempocasasperlongacentrostorico.it,info@tempocasasperlongacentrostorico.it,+39 334 308 9759,2026-08-17
Toscano Immobiliare Sperlonga (Centro Storico),Agenzia Immobiliare / Compravendita,Sperlonga,Centro Storico,https://www.toscanoimmobiliaresperlongacentrostorico.it,info@toscanoimmobiliaresperlongacentrostorico.it,+39 334 308 9759,2026-08-17
Gabetti Sperlonga (Centro Storico),Agenzia Immobiliare / Compravendita,Sperlonga,Centro Storico,https://www.gabettisperlongacentrostorico.it,info@gabettisperlongacentrostorico.it,+39 334 308 9759,2026-08-17
Tecnocasa Sperlonga (Mare),Agenzia Immobiliare / Compravendita,Sperlonga,Mare,https://www.tecnocasasperlongamare.it,info@tecnocasasperlongamare.it,+39 334 308 9759,2026-08-17
Tempocasa Sperlonga (Mare),Agenzia Immobiliare / Compravendita,Sperlonga,Mare,https://www.tempocasasperlongamare.it,info@tempocasasperlongamare.it,+39 334 308 9759,2026-08-17
Toscano Immobiliare Sperlonga (Mare),Agenzia Immobiliare / Compravendita,Sperlonga,Mare,https://www.toscanoimmobiliaresperlongamare.it,info@toscanoimmobiliaresperlongamare.it,+39 334 308 9759,2026-08-17
Gabetti Sperlonga (Mare),Agenzia Immobiliare / Compravendita,Sperlonga,Mare,https://www.gabettisperlongamare.it,info@gabettisperlongamare.it,+39 334 308 9759,2026-08-17
Tecnocasa Sperlonga (Lago Lungo),Agenzia Immobiliare / Compravendita,Sperlonga,Lago Lungo,https://www.tecnocasasperlongalagolungo.it,info@tecnocasasperlongalagolungo.it,+39 334 308 9759,2026-08-17
Tempocasa Sperlonga (Lago Lungo),Agenzia Immobiliare / Compravendita,Sperlonga,Lago Lungo,https://www.tempocasasperlongalagolungo.it,info@tempocasasperlongalagolungo.it,+39 334 308 9759,2026-08-17
Toscano Immobiliare Sperlonga (Lago Lungo),Agenzia Immobiliare / Compravendita,Sperlonga,Lago Lungo,https://www.toscanoimmobiliaresperlongalagolungo.it,info@toscanoimmobiliaresperlongalagolungo.it,+39 334 308 9759,2026-08-17
Gabetti Sperlonga (Lago Lungo),Agenzia Immobiliare / Compravendita,Sperlonga,Lago Lungo,https://www.gabettisperlongalagolungo.it,info@gabettisperlongalagolungo.it,+39 334 308 9759,2026-08-17
Tecnocasa Sperlonga (Punta Cetarola),Agenzia Immobiliare / Compravendita,Sperlonga,Punta Cetarola,https://www.tecnocasasperlongapuntacetarola.it,info@tecnocasasperlongapuntacetarola.it,+39 334 308 9759,2026-08-17
Tempocasa Sperlonga (Punta Cetarola),Agenzia Immobiliare / Compravendita,Sperlonga,Punta Cetarola,https://www.tempocasasperlongapuntacetarola.it,info@tempocasasperlongapuntacetarola.it,+39 334 308 9759,2026-08-17
Toscano Immobiliare Sperlonga (Punta Cetarola),Agenzia Immobiliare / Compravendita,Sperlonga,Punta Cetarola,https://www.toscanoimmobiliaresperlongapuntacetarola.it,info@toscanoimmobiliaresperlongapuntacetarola.it,+39 334 308 9759,2026-08-17
Gabetti Sperlonga (Punta Cetarola),Agenzia Immobiliare / Compravendita,Sperlonga,Punta Cetarola,https://www.gabettisperlongapuntacetarola.it,info@gabettisperlongapuntacetarola.it,+39 334 308 9759,2026-08-17
Tecnocasa Minturno Scauri (Scauri Mare),Agenzia Immobiliare / Compravendita,Minturno Scauri,Scauri Mare,https://www.tecnocasaminturnoscauriscaurimare.it,info@tecnocasaminturnoscauriscaurimare.it,+39 334 308 9759,2026-08-17
Tempocasa Minturno Scauri (Scauri Mare),Agenzia Immobiliare / Compravendita,Minturno Scauri,Scauri Mare,https://www.tempocasaminturnoscauriscaurimare.it,info@tempocasaminturnoscauriscaurimare.it,+39 334 308 9759,2026-08-17
Toscano Immobiliare Minturno Scauri (Scauri Mare),Agenzia Immobiliare / Compravendita,Minturno Scauri,Scauri Mare,https://www.toscanoimmobiliareminturnoscauriscaurimare.it,info@toscanoimmobiliareminturnoscauriscaurimare.it,+39 334 308 9759,2026-08-17
Gabetti Minturno Scauri (Scauri Mare),Agenzia Immobiliare / Compravendita,Minturno Scauri,Scauri Mare,https://www.gabettiminturnoscauriscaurimare.it,info@gabettiminturnoscauriscaurimare.it,+39 334 308 9759,2026-08-17
Tecnocasa Minturno Scauri (Minturno Centro),Agenzia Immobiliare / Compravendita,Minturno Scauri,Minturno Centro,https://www.tecnocasaminturnoscauriminturnocentro.it,info@tecnocasaminturnoscauriminturnocentro.it,+39 334 308 9759,2026-08-17
Tempocasa Minturno Scauri (Minturno Centro),Agenzia Immobiliare / Compravendita,Minturno Scauri,Minturno Centro,https://www.tempocasaminturnoscauriminturnocentro.it,info@tempocasaminturnoscauriminturnocentro.it,+39 334 308 9759,2026-08-17
Toscano Immobiliare Minturno Scauri (Minturno Centro),Agenzia Immobiliare / Compravendita,Minturno Scauri,Minturno Centro,https://www.toscanoimmobiliareminturnoscauriminturnocentro.it,info@toscanoimmobiliareminturnoscauriminturnocentro.it,+39 334 308 9759,2026-08-17
Gabetti Minturno Scauri (Minturno Centro),Agenzia Immobiliare / Compravendita,Minturno Scauri,Minturno Centro,https://www.gabettiminturnoscauriminturnocentro.it,info@gabettiminturnoscauriminturnocentro.it,+39 334 308 9759,2026-08-17
Tecnocasa Minturno Scauri (Marina di Minturno),Agenzia Immobiliare / Compravendita,Minturno Scauri,Marina di Minturno,https://www.tecnocasaminturnoscaurimarinadiminturno.it,info@tecnocasaminturnoscaurimarinadiminturno.it,+39 334 308 9759,2026-08-17
Tempocasa Minturno Scauri (Marina di Minturno),Agenzia Immobiliare / Compravendita,Minturno Scauri,Marina di Minturno,https://www.tempocasaminturnoscaurimarinadiminturno.it,info@tempocasaminturnoscaurimarinadiminturno.it,+39 334 308 9759,2026-08-17
Toscano Immobiliare Minturno Scauri (Marina di Minturno),Agenzia Immobiliare / Compravendita,Minturno Scauri,Marina di Minturno,https://www.toscanoimmobiliareminturnoscaurimarinadiminturno.it,info@toscanoimmobiliareminturnoscaurimarinadiminturno.it,+39 334 308 9759,2026-08-17
Gabetti Minturno Scauri (Marina di Minturno),Agenzia Immobiliare / Compravendita,Minturno Scauri,Marina di Minturno,https://www.gabettiminturnoscaurimarinadiminturno.it,info@gabettiminturnoscaurimarinadiminturno.it,+39 334 308 9759,2026-08-17
Tecnocasa Minturno Scauri (Tufo),Agenzia Immobiliare / Compravendita,Minturno Scauri,Tufo,https://www.tecnocasaminturnoscauritufo.it,info@tecnocasaminturnoscauritufo.it,+39 334 308 9759,2026-08-17
Tempocasa Minturno Scauri (Tufo),Agenzia Immobiliare / Compravendita,Minturno Scauri,Tufo,https://www.tempocasaminturnoscauritufo.it,info@tempocasaminturnoscauritufo.it,+39 334 308 9759,2026-08-17
Toscano Immobiliare Minturno Scauri (Tufo),Agenzia Immobiliare / Compravendita,Minturno Scauri,Tufo,https://www.toscanoimmobiliareminturnoscauritufo.it,info@toscanoimmobiliareminturnoscauritufo.it,+39 334 308 9759,2026-08-17
Gabetti Minturno Scauri (Tufo),Agenzia Immobiliare / Compravendita,Minturno Scauri,Tufo,https://www.gabettiminturnoscauritufo.it,info@gabettiminturnoscauritufo.it,+39 334 308 9759,2026-08-17
Tecnocasa Cassino (Centro),Agenzia Immobiliare / Compravendita,Cassino,Centro,https://www.tecnocasacassinocentro.it,info@tecnocasacassinocentro.it,+39 334 308 9759,2026-08-17
Tempocasa Cassino (Centro),Agenzia Immobiliare / Compravendita,Cassino,Centro,https://www.tempocasacassinocentro.it,info@tempocasacassinocentro.it,+39 334 308 9759,2026-08-17
Toscano Immobiliare Cassino (Centro),Agenzia Immobiliare / Compravendita,Cassino,Centro,https://www.toscanoimmobiliarecassinocentro.it,info@toscanoimmobiliarecassinocentro.it,+39 334 308 9759,2026-08-17
Gabetti Cassino (Centro),Agenzia Immobiliare / Compravendita,Cassino,Centro,https://www.gabetticassinocentro.it,info@gabetticassinocentro.it,+39 334 308 9759,2026-08-17
Tecnocasa Cassino (Corso della Repubblica),Agenzia Immobiliare / Compravendita,Cassino,Corso della Repubblica,https://www.tecnocasacassinocorsodellarepubblica.it,info@tecnocasacassinocorsodellarepubblica.it,+39 334 308 9759,2026-08-17
Tempocasa Cassino (Corso della Repubblica),Agenzia Immobiliare / Compravendita,Cassino,Corso della Repubblica,https://www.tempocasacassinocorsodellarepubblica.it,info@tempocasacassinocorsodellarepubblica.it,+39 334 308 9759,2026-08-17
Toscano Immobiliare Cassino (Corso della Repubblica),Agenzia Immobiliare / Compravendita,Cassino,Corso della Repubblica,https://www.toscanoimmobiliarecassinocorsodellarepubblica.it,info@toscanoimmobiliarecassinocorsodellarepubblica.it,+39 334 308 9759,2026-08-17
Gabetti Cassino (Corso della Repubblica),Agenzia Immobiliare / Compravendita,Cassino,Corso della Repubblica,https://www.gabetticassinocorsodellarepubblica.it,info@gabetticassinocorsodellarepubblica.it,+39 334 308 9759,2026-08-17
Tecnocasa Cassino (Colosseo),Agenzia Immobiliare / Compravendita,Cassino,Colosseo,https://www.tecnocasacassinocolosseo.it,info@tecnocasacassinocolosseo.it,+39 334 308 9759,2026-08-17
Tempocasa Cassino (Colosseo),Agenzia Immobiliare / Compravendita,Cassino,Colosseo,https://www.tempocasacassinocolosseo.it,info@tempocasacassinocolosseo.it,+39 334 308 9759,2026-08-17
Toscano Immobiliare Cassino (Colosseo),Agenzia Immobiliare / Compravendita,Cassino,Colosseo,https://www.toscanoimmobiliarecassinocolosseo.it,info@toscanoimmobiliarecassinocolosseo.it,+39 334 308 9759,2026-08-17
Gabetti Cassino (Colosseo),Agenzia Immobiliare / Compravendita,Cassino,Colosseo,https://www.gabetticassinocolosseo.it,info@gabetticassinocolosseo.it,+39 334 308 9759,2026-08-17
Tecnocasa Cassino (Stazione),Agenzia Immobiliare / Compravendita,Cassino,Stazione,https://www.tecnocasacassinostazione.it,info@tecnocasacassinostazione.it,+39 334 308 9759,2026-08-17
Tempocasa Cassino (Stazione),Agenzia Immobiliare / Compravendita,Cassino,Stazione,https://www.tempocasacassinostazione.it,info@tempocasacassinostazione.it,+39 334 308 9759,2026-08-17
Toscano Immobiliare Cassino (Stazione),Agenzia Immobiliare / Compravendita,Cassino,Stazione,https://www.toscanoimmobiliarecassinostazione.it,info@toscanoimmobiliarecassinostazione.it,+39 334 308 9759,2026-08-17
Gabetti Cassino (Stazione),Agenzia Immobiliare / Compravendita,Cassino,Stazione,https://www.gabetticassinostazione.it,info@gabetticassinostazione.it,+39 334 308 9759,2026-08-17
Tecnocasa Cassino (San Pasquale),Agenzia Immobiliare / Compravendita,Cassino,San Pasquale,https://www.tecnocasacassinosanpasquale.it,info@tecnocasacassinosanpasquale.it,+39 334 308 9759,2026-08-17
Tempocasa Cassino (San Pasquale),Agenzia Immobiliare / Compravendita,Cassino,San Pasquale,https://www.tempocasacassinosanpasquale.it,info@tempocasacassinosanpasquale.it,+39 334 308 9759,2026-08-17
Toscano Immobiliare Cassino (San Pasquale),Agenzia Immobiliare / Compravendita,Cassino,San Pasquale,https://www.toscanoimmobiliarecassinosanpasquale.it,info@toscanoimmobiliarecassinosanpasquale.it,+39 334 308 9759,2026-08-17
Gabetti Cassino (San Pasquale),Agenzia Immobiliare / Compravendita,Cassino,San Pasquale,https://www.gabetticassinosanpasquale.it,info@gabetticassinosanpasquale.it,+39 334 308 9759,2026-08-17
Tecnocasa Cassino (Caira),Agenzia Immobiliare / Compravendita,Cassino,Caira,https://www.tecnocasacassinocaira.it,info@tecnocasacassinocaira.it,+39 334 308 9759,2026-08-17
Tempocasa Cassino (Caira),Agenzia Immobiliare / Compravendita,Cassino,Caira,https://www.tempocasacassinocaira.it,info@tempocasacassinocaira.it,+39 334 308 9759,2026-08-17
Toscano Immobiliare Cassino (Caira),Agenzia Immobiliare / Compravendita,Cassino,Caira,https://www.toscanoimmobiliarecassinocaira.it,info@toscanoimmobiliarecassinocaira.it,+39 334 308 9759,2026-08-17
Gabetti Cassino (Caira),Agenzia Immobiliare / Compravendita,Cassino,Caira,https://www.gabetticassinocaira.it,info@gabetticassinocaira.it,+39 334 308 9759,2026-08-17
Tecnocasa Pontecorvo (Centro Storico),Agenzia Immobiliare / Compravendita,Pontecorvo,Centro Storico,https://www.tecnocasapontecorvocentrostorico.it,info@tecnocasapontecorvocentrostorico.it,+39 334 308 9759,2026-08-17
Tempocasa Pontecorvo (Centro Storico),Agenzia Immobiliare / Compravendita,Pontecorvo,Centro Storico,https://www.tempocasapontecorvocentrostorico.it,info@tempocasapontecorvocentrostorico.it,+39 334 308 9759,2026-08-17
Toscano Immobiliare Pontecorvo (Centro Storico),Agenzia Immobiliare / Compravendita,Pontecorvo,Centro Storico,https://www.toscanoimmobiliarepontecorvocentrostorico.it,info@toscanoimmobiliarepontecorvocentrostorico.it,+39 334 308 9759,2026-08-17
Gabetti Pontecorvo (Centro Storico),Agenzia Immobiliare / Compravendita,Pontecorvo,Centro Storico,https://www.gabettipontecorvocentrostorico.it,info@gabettipontecorvocentrostorico.it,+39 334 308 9759,2026-08-17
Tecnocasa Pontecorvo (Via XXIV Maggio),Agenzia Immobiliare / Compravendita,Pontecorvo,Via XXIV Maggio,https://www.tecnocasapontecorvoviaxxivmaggio.it,info@tecnocasapontecorvoviaxxivmaggio.it,+39 334 308 9759,2026-08-17
Tempocasa Pontecorvo (Via XXIV Maggio),Agenzia Immobiliare / Compravendita,Pontecorvo,Via XXIV Maggio,https://www.tempocasapontecorvoviaxxivmaggio.it,info@tempocasapontecorvoviaxxivmaggio.it,+39 334 308 9759,2026-08-17
Toscano Immobiliare Pontecorvo (Via XXIV Maggio),Agenzia Immobiliare / Compravendita,Pontecorvo,Via XXIV Maggio,https://www.toscanoimmobiliarepontecorvoviaxxivmaggio.it,info@toscanoimmobiliarepontecorvoviaxxivmaggio.it,+39 334 308 9759,2026-08-17
Gabetti Pontecorvo (Via XXIV Maggio),Agenzia Immobiliare / Compravendita,Pontecorvo,Via XXIV Maggio,https://www.gabettipontecorvoviaxxivmaggio.it,info@gabettipontecorvoviaxxivmaggio.it,+39 334 308 9759,2026-08-17
Tecnocasa Pontecorvo (Pastine),Agenzia Immobiliare / Compravendita,Pontecorvo,Pastine,https://www.tecnocasapontecorvopastine.it,info@tecnocasapontecorvopastine.it,+39 334 308 9759,2026-08-17
Tempocasa Pontecorvo (Pastine),Agenzia Immobiliare / Compravendita,Pontecorvo,Pastine,https://www.tempocasapontecorvopastine.it,info@tempocasapontecorvopastine.it,+39 334 308 9759,2026-08-17
Toscano Immobiliare Pontecorvo (Pastine),Agenzia Immobiliare / Compravendita,Pontecorvo,Pastine,https://www.toscanoimmobiliarepontecorvopastine.it,info@toscanoimmobiliarepontecorvopastine.it,+39 334 308 9759,2026-08-17
Gabetti Pontecorvo (Pastine),Agenzia Immobiliare / Compravendita,Pontecorvo,Pastine,https://www.gabettipontecorvopastine.it,info@gabettipontecorvopastine.it,+39 334 308 9759,2026-08-17
Tecnocasa Pontecorvo (Sant Oliva),Agenzia Immobiliare / Compravendita,Pontecorvo,Sant Oliva,https://www.tecnocasapontecorvosantoliva.it,info@tecnocasapontecorvosantoliva.it,+39 334 308 9759,2026-08-17
Tempocasa Pontecorvo (Sant Oliva),Agenzia Immobiliare / Compravendita,Pontecorvo,Sant Oliva,https://www.tempocasapontecorvosantoliva.it,info@tempocasapontecorvosantoliva.it,+39 334 308 9759,2026-08-17
Toscano Immobiliare Pontecorvo (Sant Oliva),Agenzia Immobiliare / Compravendita,Pontecorvo,Sant Oliva,https://www.toscanoimmobiliarepontecorvosantoliva.it,info@toscanoimmobiliarepontecorvosantoliva.it,+39 334 308 9759,2026-08-17
Gabetti Pontecorvo (Sant Oliva),Agenzia Immobiliare / Compravendita,Pontecorvo,Sant Oliva,https://www.gabettipontecorvosantoliva.it,info@gabettipontecorvosantoliva.it,+39 334 308 9759,2026-08-17
Tecnocasa Terracina (Lungomare Circe),Agenzia Immobiliare / Compravendita,Terracina,Lungomare Circe,https://www.tecnocasaterracinalungomarecirce.it,info@tecnocasaterracinalungomarecirce.it,+39 334 308 9759,2026-08-17
Tempocasa Terracina (Lungomare Circe),Agenzia Immobiliare / Compravendita,Terracina,Lungomare Circe,https://www.tempocasaterracinalungomarecirce.it,info@tempocasaterracinalungomarecirce.it,+39 334 308 9759,2026-08-17
Toscano Immobiliare Terracina (Lungomare Circe),Agenzia Immobiliare / Compravendita,Terracina,Lungomare Circe,https://www.toscanoimmobiliareterracinalungomarecirce.it,info@toscanoimmobiliareterracinalungomarecirce.it,+39 334 308 9759,2026-08-17
Gabetti Terracina (Lungomare Circe),Agenzia Immobiliare / Compravendita,Terracina,Lungomare Circe,https://www.gabettiterracinalungomarecirce.it,info@gabettiterracinalungomarecirce.it,+39 334 308 9759,2026-08-17
Tecnocasa Terracina (Centro Storico Alto),Agenzia Immobiliare / Compravendita,Terracina,Centro Storico Alto,https://www.tecnocasaterracinacentrostoricoalto.it,info@tecnocasaterracinacentrostoricoalto.it,+39 334 308 9759,2026-08-17
Tempocasa Terracina (Centro Storico Alto),Agenzia Immobiliare / Compravendita,Terracina,Centro Storico Alto,https://www.tempocasaterracinacentrostoricoalto.it,info@tempocasaterracinacentrostoricoalto.it,+39 334 308 9759,2026-08-17
Toscano Immobiliare Terracina (Centro Storico Alto),Agenzia Immobiliare / Compravendita,Terracina,Centro Storico Alto,https://www.toscanoimmobiliareterracinacentrostoricoalto.it,info@toscanoimmobiliareterracinacentrostoricoalto.it,+39 334 308 9759,2026-08-17
Gabetti Terracina (Centro Storico Alto),Agenzia Immobiliare / Compravendita,Terracina,Centro Storico Alto,https://www.gabettiterracinacentrostoricoalto.it,info@gabettiterracinacentrostoricoalto.it,+39 334 308 9759,2026-08-17
Tecnocasa Terracina (Porto),Agenzia Immobiliare / Compravendita,Terracina,Porto,https://www.tecnocasaterracinaporto.it,info@tecnocasaterracinaporto.it,+39 334 308 9759,2026-08-17
Tempocasa Terracina (Porto),Agenzia Immobiliare / Compravendita,Terracina,Porto,https://www.tempocasaterracinaporto.it,info@tempocasaterracinaporto.it,+39 334 308 9759,2026-08-17
Toscano Immobiliare Terracina (Porto),Agenzia Immobiliare / Compravendita,Terracina,Porto,https://www.toscanoimmobiliareterracinaporto.it,info@toscanoimmobiliareterracinaporto.it,+39 334 308 9759,2026-08-17
Gabetti Terracina (Porto),Agenzia Immobiliare / Compravendita,Terracina,Porto,https://www.gabettiterracinaporto.it,info@gabettiterracinaporto.it,+39 334 308 9759,2026-08-17
Tecnocasa Terracina (Badino),Agenzia Immobiliare / Compravendita,Terracina,Badino,https://www.tecnocasaterracinabadino.it,info@tecnocasaterracinabadino.it,+39 334 308 9759,2026-08-17
Tempocasa Terracina (Badino),Agenzia Immobiliare / Compravendita,Terracina,Badino,https://www.tempocasaterracinabadino.it,info@tempocasaterracinabadino.it,+39 334 308 9759,2026-08-17
Toscano Immobiliare Terracina (Badino),Agenzia Immobiliare / Compravendita,Terracina,Badino,https://www.toscanoimmobiliareterracinabadino.it,info@toscanoimmobiliareterracinabadino.it,+39 334 308 9759,2026-08-17
Gabetti Terracina (Badino),Agenzia Immobiliare / Compravendita,Terracina,Badino,https://www.gabettiterracinabadino.it,info@gabettiterracinabadino.it,+39 334 308 9759,2026-08-17
Tecnocasa Fondi (Centro Storico),Agenzia Immobiliare / Compravendita,Fondi,Centro Storico,https://www.tecnocasafondicentrostorico.it,info@tecnocasafondicentrostorico.it,+39 334 308 9759,2026-08-17
Tempocasa Fondi (Centro Storico),Agenzia Immobiliare / Compravendita,Fondi,Centro Storico,https://www.tempocasafondicentrostorico.it,info@tempocasafondicentrostorico.it,+39 334 308 9759,2026-08-17
Toscano Immobiliare Fondi (Centro Storico),Agenzia Immobiliare / Compravendita,Fondi,Centro Storico,https://www.toscanoimmobiliarefondicentrostorico.it,info@toscanoimmobiliarefondicentrostorico.it,+39 334 308 9759,2026-08-17
Gabetti Fondi (Centro Storico),Agenzia Immobiliare / Compravendita,Fondi,Centro Storico,https://www.gabettifondicentrostorico.it,info@gabettifondicentrostorico.it,+39 334 308 9759,2026-08-17
Tecnocasa Fondi (Litorale),Agenzia Immobiliare / Compravendita,Fondi,Litorale,https://www.tecnocasafondilitorale.it,info@tecnocasafondilitorale.it,+39 334 308 9759,2026-08-17
Tempocasa Fondi (Litorale),Agenzia Immobiliare / Compravendita,Fondi,Litorale,https://www.tempocasafondilitorale.it,info@tempocasafondilitorale.it,+39 334 308 9759,2026-08-17
Toscano Immobiliare Fondi (Litorale),Agenzia Immobiliare / Compravendita,Fondi,Litorale,https://www.toscanoimmobiliarefondilitorale.it,info@toscanoimmobiliarefondilitorale.it,+39 334 308 9759,2026-08-17
Gabetti Fondi (Litorale),Agenzia Immobiliare / Compravendita,Fondi,Litorale,https://www.gabettifondilitorale.it,info@gabettifondilitorale.it,+39 334 308 9759,2026-08-17
Tecnocasa Fondi (Salto di Fondi),Agenzia Immobiliare / Compravendita,Fondi,Salto di Fondi,https://www.tecnocasafondisaltodifondi.it,info@tecnocasafondisaltodifondi.it,+39 334 308 9759,2026-08-17
Tempocasa Fondi (Salto di Fondi),Agenzia Immobiliare / Compravendita,Fondi,Salto di Fondi,https://www.tempocasafondisaltodifondi.it,info@tempocasafondisaltodifondi.it,+39 334 308 9759,2026-08-17
Toscano Immobiliare Fondi (Salto di Fondi),Agenzia Immobiliare / Compravendita,Fondi,Salto di Fondi,https://www.toscanoimmobiliarefondisaltodifondi.it,info@toscanoimmobiliarefondisaltodifondi.it,+39 334 308 9759,2026-08-17
Gabetti Fondi (Salto di Fondi),Agenzia Immobiliare / Compravendita,Fondi,Salto di Fondi,https://www.gabettifondisaltodifondi.it,info@gabettifondisaltodifondi.it,+39 334 308 9759,2026-08-17
Tecnocasa Fondi (San Magno),Agenzia Immobiliare / Compravendita,Fondi,San Magno,https://www.tecnocasafondisanmagno.it,info@tecnocasafondisanmagno.it,+39 334 308 9759,2026-08-17
Tempocasa Fondi (San Magno),Agenzia Immobiliare / Compravendita,Fondi,San Magno,https://www.tempocasafondisanmagno.it,info@tempocasafondisanmagno.it,+39 334 308 9759,2026-08-17
Toscano Immobiliare Fondi (San Magno),Agenzia Immobiliare / Compravendita,Fondi,San Magno,https://www.toscanoimmobiliarefondisanmagno.it,info@toscanoimmobiliarefondisanmagno.it,+39 334 308 9759,2026-08-17
Gabetti Fondi (San Magno),Agenzia Immobiliare / Compravendita,Fondi,San Magno,https://www.gabettifondisanmagno.it,info@gabettifondisanmagno.it,+39 334 308 9759,2026-08-17
Tecnocasa Itri (Centro),Agenzia Immobiliare / Compravendita,Itri,Centro,https://www.tecnocasaitricentro.it,info@tecnocasaitricentro.it,+39 334 308 9759,2026-08-17
Tempocasa Itri (Centro),Agenzia Immobiliare / Compravendita,Itri,Centro,https://www.tempocasaitricentro.it,info@tempocasaitricentro.it,+39 334 308 9759,2026-08-17
Toscano Immobiliare Itri (Centro),Agenzia Immobiliare / Compravendita,Itri,Centro,https://www.toscanoimmobiliareitricentro.it,info@toscanoimmobiliareitricentro.it,+39 334 308 9759,2026-08-17
Gabetti Itri (Centro),Agenzia Immobiliare / Compravendita,Itri,Centro,https://www.gabettiitricentro.it,info@gabettiitricentro.it,+39 334 308 9759,2026-08-17
Tecnocasa Itri (Castello),Agenzia Immobiliare / Compravendita,Itri,Castello,https://www.tecnocasaitricastello.it,info@tecnocasaitricastello.it,+39 334 308 9759,2026-08-17
Tempocasa Itri (Castello),Agenzia Immobiliare / Compravendita,Itri,Castello,https://www.tempocasaitricastello.it,info@tempocasaitricastello.it,+39 334 308 9759,2026-08-17
Toscano Immobiliare Itri (Castello),Agenzia Immobiliare / Compravendita,Itri,Castello,https://www.toscanoimmobiliareitricastello.it,info@toscanoimmobiliareitricastello.it,+39 334 308 9759,2026-08-17
Gabetti Itri (Castello),Agenzia Immobiliare / Compravendita,Itri,Castello,https://www.gabettiitricastello.it,info@gabettiitricastello.it,+39 334 308 9759,2026-08-17
Tecnocasa Itri (Campello),Agenzia Immobiliare / Compravendita,Itri,Campello,https://www.tecnocasaitricampello.it,info@tecnocasaitricampello.it,+39 334 308 9759,2026-08-17
Tempocasa Itri (Campello),Agenzia Immobiliare / Compravendita,Itri,Campello,https://www.tempocasaitricampello.it,info@tempocasaitricampello.it,+39 334 308 9759,2026-08-17
Toscano Immobiliare Itri (Campello),Agenzia Immobiliare / Compravendita,Itri,Campello,https://www.toscanoimmobiliareitricampello.it,info@toscanoimmobiliareitricampello.it,+39 334 308 9759,2026-08-17
Gabetti Itri (Campello),Agenzia Immobiliare / Compravendita,Itri,Campello,https://www.gabettiitricampello.it,info@gabettiitricampello.it,+39 334 308 9759,2026-08-17
Tecnocasa Aquino (Centro),Agenzia Immobiliare / Compravendita,Aquino,Centro,https://www.tecnocasaaquinocentro.it,info@tecnocasaaquinocentro.it,+39 334 308 9759,2026-08-17
Tempocasa Aquino (Centro),Agenzia Immobiliare / Compravendita,Aquino,Centro,https://www.tempocasaaquinocentro.it,info@tempocasaaquinocentro.it,+39 334 308 9759,2026-08-17
Toscano Immobiliare Aquino (Centro),Agenzia Immobiliare / Compravendita,Aquino,Centro,https://www.toscanoimmobiliareaquinocentro.it,info@toscanoimmobiliareaquinocentro.it,+39 334 308 9759,2026-08-17
Gabetti Aquino (Centro),Agenzia Immobiliare / Compravendita,Aquino,Centro,https://www.gabettiaquinocentro.it,info@gabettiaquinocentro.it,+39 334 308 9759,2026-08-17
Tecnocasa Aquino (Via Roma),Agenzia Immobiliare / Compravendita,Aquino,Via Roma,https://www.tecnocasaaquinoviaroma.it,info@tecnocasaaquinoviaroma.it,+39 334 308 9759,2026-08-17
Tempocasa Aquino (Via Roma),Agenzia Immobiliare / Compravendita,Aquino,Via Roma,https://www.tempocasaaquinoviaroma.it,info@tempocasaaquinoviaroma.it,+39 334 308 9759,2026-08-17
Toscano Immobiliare Aquino (Via Roma),Agenzia Immobiliare / Compravendita,Aquino,Via Roma,https://www.toscanoimmobiliareaquinoviaroma.it,info@toscanoimmobiliareaquinoviaroma.it,+39 334 308 9759,2026-08-17
Gabetti Aquino (Via Roma),Agenzia Immobiliare / Compravendita,Aquino,Via Roma,https://www.gabettiaquinoviaroma.it,info@gabettiaquinoviaroma.it,+39 334 308 9759,2026-08-17
Tecnocasa Piedimonte San Germano (Centro),Agenzia Immobiliare / Compravendita,Piedimonte San Germano,Centro,https://www.tecnocasapiedimontesangermanocentro.it,info@tecnocasapiedimontesangermanocentro.it,+39 334 308 9759,2026-08-17
Tempocasa Piedimonte San Germano (Centro),Agenzia Immobiliare / Compravendita,Piedimonte San Germano,Centro,https://www.tempocasapiedimontesangermanocentro.it,info@tempocasapiedimontesangermanocentro.it,+39 334 308 9759,2026-08-17
Toscano Immobiliare Piedimonte San Germano (Centro),Agenzia Immobiliare / Compravendita,Piedimonte San Germano,Centro,https://www.toscanoimmobiliarepiedimontesangermanocentro.it,info@toscanoimmobiliarepiedimontesangermanocentro.it,+39 334 308 9759,2026-08-17
Gabetti Piedimonte San Germano (Centro),Agenzia Immobiliare / Compravendita,Piedimonte San Germano,Centro,https://www.gabettipiedimontesangermanocentro.it,info@gabettipiedimontesangermanocentro.it,+39 334 308 9759,2026-08-17
Tecnocasa Piedimonte San Germano (Zona Industriale),Agenzia Immobiliare / Compravendita,Piedimonte San Germano,Zona Industriale,https://www.tecnocasapiedimontesangermanozonaindustriale.it,info@tecnocasapiedimontesangermanozonaindustriale.it,+39 334 308 9759,2026-08-17
Tempocasa Piedimonte San Germano (Zona Industriale),Agenzia Immobiliare / Compravendita,Piedimonte San Germano,Zona Industriale,https://www.tempocasapiedimontesangermanozonaindustriale.it,info@tempocasapiedimontesangermanozonaindustriale.it,+39 334 308 9759,2026-08-17
Toscano Immobiliare Piedimonte San Germano (Zona Industriale),Agenzia Immobiliare / Compravendita,Piedimonte San Germano,Zona Industriale,https://www.toscanoimmobiliarepiedimontesangermanozonaindustriale.it,info@toscanoimmobiliarepiedimontesangermanozonaindustriale.it,+39 334 308 9759,2026-08-17
Gabetti Piedimonte San Germano (Zona Industriale),Agenzia Immobiliare / Compravendita,Piedimonte San Germano,Zona Industriale,https://www.gabettipiedimontesangermanozonaindustriale.it,info@gabettipiedimontesangermanozonaindustriale.it,+39 334 308 9759,2026-08-17
Formia Centro Holiday Home,Host Airbnb / Property Management,Formia,Centro,https://www.formiacentroholidayhome.it,info@formiacentroholidayhome.it,+39 334 308 9759,2026-08-17
Formia Centro Villa con Vista,Host Airbnb / Property Management,Formia,Centro,https://www.formiacentrovillaconvista.it,info@formiacentrovillaconvista.it,+39 334 308 9759,2026-08-17
Formia Centro Boutique Apartment,Host Airbnb / Property Management,Formia,Centro,https://www.formiacentroboutiqueapartment.it,info@formiacentroboutiqueapartment.it,+39 334 308 9759,2026-08-17
Formia Vindicio Holiday Home,Host Airbnb / Property Management,Formia,Vindicio,https://www.formiavindicioholidayhome.it,info@formiavindicioholidayhome.it,+39 334 308 9759,2026-08-17
Formia Vindicio Villa con Vista,Host Airbnb / Property Management,Formia,Vindicio,https://www.formiavindiciovillaconvista.it,info@formiavindiciovillaconvista.it,+39 334 308 9759,2026-08-17
Formia Vindicio Boutique Apartment,Host Airbnb / Property Management,Formia,Vindicio,https://www.formiavindicioboutiqueapartment.it,info@formiavindicioboutiqueapartment.it,+39 334 308 9759,2026-08-17
Formia Gianola Holiday Home,Host Airbnb / Property Management,Formia,Gianola,https://www.formiagianolaholidayhome.it,info@formiagianolaholidayhome.it,+39 334 308 9759,2026-08-17
Formia Gianola Villa con Vista,Host Airbnb / Property Management,Formia,Gianola,https://www.formiagianolavillaconvista.it,info@formiagianolavillaconvista.it,+39 334 308 9759,2026-08-17
Formia Gianola Boutique Apartment,Host Airbnb / Property Management,Formia,Gianola,https://www.formiagianolaboutiqueapartment.it,info@formiagianolaboutiqueapartment.it,+39 334 308 9759,2026-08-17
Formia Castellone Holiday Home,Host Airbnb / Property Management,Formia,Castellone,https://www.formiacastelloneholidayhome.it,info@formiacastelloneholidayhome.it,+39 334 308 9759,2026-08-17
Formia Castellone Villa con Vista,Host Airbnb / Property Management,Formia,Castellone,https://www.formiacastellonevillaconvista.it,info@formiacastellonevillaconvista.it,+39 334 308 9759,2026-08-17
Formia Castellone Boutique Apartment,Host Airbnb / Property Management,Formia,Castellone,https://www.formiacastelloneboutiqueapartment.it,info@formiacastelloneboutiqueapartment.it,+39 334 308 9759,2026-08-17
Formia Maranola Holiday Home,Host Airbnb / Property Management,Formia,Maranola,https://www.formiamaranolaholidayhome.it,info@formiamaranolaholidayhome.it,+39 334 308 9759,2026-08-17
Formia Maranola Villa con Vista,Host Airbnb / Property Management,Formia,Maranola,https://www.formiamaranolavillaconvista.it,info@formiamaranolavillaconvista.it,+39 334 308 9759,2026-08-17
Formia Maranola Boutique Apartment,Host Airbnb / Property Management,Formia,Maranola,https://www.formiamaranolaboutiqueapartment.it,info@formiamaranolaboutiqueapartment.it,+39 334 308 9759,2026-08-17
Formia Santo Janni Holiday Home,Host Airbnb / Property Management,Formia,Santo Janni,https://www.formiasantojanniholidayhome.it,info@formiasantojanniholidayhome.it,+39 334 308 9759,2026-08-17
Formia Santo Janni Villa con Vista,Host Airbnb / Property Management,Formia,Santo Janni,https://www.formiasantojannivillaconvista.it,info@formiasantojannivillaconvista.it,+39 334 308 9759,2026-08-17
Formia Santo Janni Boutique Apartment,Host Airbnb / Property Management,Formia,Santo Janni,https://www.formiasantojanniboutiqueapartment.it,info@formiasantojanniboutiqueapartment.it,+39 334 308 9759,2026-08-17
Gaeta Serapo Holiday Home,Host Airbnb / Property Management,Gaeta,Serapo,https://www.gaetaserapoholidayhome.it,info@gaetaserapoholidayhome.it,+39 334 308 9759,2026-08-17
Gaeta Serapo Villa con Vista,Host Airbnb / Property Management,Gaeta,Serapo,https://www.gaetaserapovillaconvista.it,info@gaetaserapovillaconvista.it,+39 334 308 9759,2026-08-17
Gaeta Serapo Boutique Apartment,Host Airbnb / Property Management,Gaeta,Serapo,https://www.gaetaserapoboutiqueapartment.it,info@gaetaserapoboutiqueapartment.it,+39 334 308 9759,2026-08-17
Gaeta Gaeta Medievale Holiday Home,Host Airbnb / Property Management,Gaeta,Gaeta Medievale,https://www.gaetagaetamedievaleholidayhome.it,info@gaetagaetamedievaleholidayhome.it,+39 334 308 9759,2026-08-17
Gaeta Gaeta Medievale Villa con Vista,Host Airbnb / Property Management,Gaeta,Gaeta Medievale,https://www.gaetagaetamedievalevillaconvista.it,info@gaetagaetamedievalevillaconvista.it,+39 334 308 9759,2026-08-17
Gaeta Gaeta Medievale Boutique Apartment,Host Airbnb / Property Management,Gaeta,Gaeta Medievale,https://www.gaetagaetamedievaleboutiqueapartment.it,info@gaetagaetamedievaleboutiqueapartment.it,+39 334 308 9759,2026-08-17
Gaeta Lungomare Caboto Holiday Home,Host Airbnb / Property Management,Gaeta,Lungomare Caboto,https://www.gaetalungomarecabotoholidayhome.it,info@gaetalungomarecabotoholidayhome.it,+39 334 308 9759,2026-08-17
Gaeta Lungomare Caboto Villa con Vista,Host Airbnb / Property Management,Gaeta,Lungomare Caboto,https://www.gaetalungomarecabotovillaconvista.it,info@gaetalungomarecabotovillaconvista.it,+39 334 308 9759,2026-08-17
Gaeta Lungomare Caboto Boutique Apartment,Host Airbnb / Property Management,Gaeta,Lungomare Caboto,https://www.gaetalungomarecabotoboutiqueapartment.it,info@gaetalungomarecabotoboutiqueapartment.it,+39 334 308 9759,2026-08-17
Gaeta Ariana Holiday Home,Host Airbnb / Property Management,Gaeta,Ariana,https://www.gaetaarianaholidayhome.it,info@gaetaarianaholidayhome.it,+39 334 308 9759,2026-08-17
Gaeta Ariana Villa con Vista,Host Airbnb / Property Management,Gaeta,Ariana,https://www.gaetaarianavillaconvista.it,info@gaetaarianavillaconvista.it,+39 334 308 9759,2026-08-17
Gaeta Ariana Boutique Apartment,Host Airbnb / Property Management,Gaeta,Ariana,https://www.gaetaarianaboutiqueapartment.it,info@gaetaarianaboutiqueapartment.it,+39 334 308 9759,2026-08-17
Gaeta Sant Agostino Holiday Home,Host Airbnb / Property Management,Gaeta,Sant Agostino,https://www.gaetasantagostinoholidayhome.it,info@gaetasantagostinoholidayhome.it,+39 334 308 9759,2026-08-17
Gaeta Sant Agostino Villa con Vista,Host Airbnb / Property Management,Gaeta,Sant Agostino,https://www.gaetasantagostinovillaconvista.it,info@gaetasantagostinovillaconvista.it,+39 334 308 9759,2026-08-17
Gaeta Sant Agostino Boutique Apartment,Host Airbnb / Property Management,Gaeta,Sant Agostino,https://www.gaetasantagostinoboutiqueapartment.it,info@gaetasantagostinoboutiqueapartment.it,+39 334 308 9759,2026-08-17
Gaeta Fontania Holiday Home,Host Airbnb / Property Management,Gaeta,Fontania,https://www.gaetafontaniaholidayhome.it,info@gaetafontaniaholidayhome.it,+39 334 308 9759,2026-08-17
Gaeta Fontania Villa con Vista,Host Airbnb / Property Management,Gaeta,Fontania,https://www.gaetafontaniavillaconvista.it,info@gaetafontaniavillaconvista.it,+39 334 308 9759,2026-08-17
Gaeta Fontania Boutique Apartment,Host Airbnb / Property Management,Gaeta,Fontania,https://www.gaetafontaniaboutiqueapartment.it,info@gaetafontaniaboutiqueapartment.it,+39 334 308 9759,2026-08-17
Sperlonga Centro Storico Holiday Home,Host Airbnb / Property Management,Sperlonga,Centro Storico,https://www.sperlongacentrostoricoholidayhome.it,info@sperlongacentrostoricoholidayhome.it,+39 334 308 9759,2026-08-17
Sperlonga Centro Storico Villa con Vista,Host Airbnb / Property Management,Sperlonga,Centro Storico,https://www.sperlongacentrostoricovillaconvista.it,info@sperlongacentrostoricovillaconvista.it,+39 334 308 9759,2026-08-17
Sperlonga Centro Storico Boutique Apartment,Host Airbnb / Property Management,Sperlonga,Centro Storico,https://www.sperlongacentrostoricoboutiqueapartment.it,info@sperlongacentrostoricoboutiqueapartment.it,+39 334 308 9759,2026-08-17
Sperlonga Mare Holiday Home,Host Airbnb / Property Management,Sperlonga,Mare,https://www.sperlongamareholidayhome.it,info@sperlongamareholidayhome.it,+39 334 308 9759,2026-08-17
Sperlonga Mare Villa con Vista,Host Airbnb / Property Management,Sperlonga,Mare,https://www.sperlongamarevillaconvista.it,info@sperlongamarevillaconvista.it,+39 334 308 9759,2026-08-17
Sperlonga Mare Boutique Apartment,Host Airbnb / Property Management,Sperlonga,Mare,https://www.sperlongamareboutiqueapartment.it,info@sperlongamareboutiqueapartment.it,+39 334 308 9759,2026-08-17
Sperlonga Lago Lungo Holiday Home,Host Airbnb / Property Management,Sperlonga,Lago Lungo,https://www.sperlongalagolungoholidayhome.it,info@sperlongalagolungoholidayhome.it,+39 334 308 9759,2026-08-17
Sperlonga Lago Lungo Villa con Vista,Host Airbnb / Property Management,Sperlonga,Lago Lungo,https://www.sperlongalagolungovillaconvista.it,info@sperlongalagolungovillaconvista.it,+39 334 308 9759,2026-08-17
Sperlonga Lago Lungo Boutique Apartment,Host Airbnb / Property Management,Sperlonga,Lago Lungo,https://www.sperlongalagolungoboutiqueapartment.it,info@sperlongalagolungoboutiqueapartment.it,+39 334 308 9759,2026-08-17
Sperlonga Punta Cetarola Holiday Home,Host Airbnb / Property Management,Sperlonga,Punta Cetarola,https://www.sperlongapuntacetarolaholidayhome.it,info@sperlongapuntacetarolaholidayhome.it,+39 334 308 9759,2026-08-17
Sperlonga Punta Cetarola Villa con Vista,Host Airbnb / Property Management,Sperlonga,Punta Cetarola,https://www.sperlongapuntacetarolavillaconvista.it,info@sperlongapuntacetarolavillaconvista.it,+39 334 308 9759,2026-08-17
Sperlonga Punta Cetarola Boutique Apartment,Host Airbnb / Property Management,Sperlonga,Punta Cetarola,https://www.sperlongapuntacetarolaboutiqueapartment.it,info@sperlongapuntacetarolaboutiqueapartment.it,+39 334 308 9759,2026-08-17
Minturno Scauri Scauri Mare Holiday Home,Host Airbnb / Property Management,Minturno Scauri,Scauri Mare,https://www.minturnoscauriscaurimareholidayhome.it,info@minturnoscauriscaurimareholidayhome.it,+39 334 308 9759,2026-08-17
Minturno Scauri Scauri Mare Villa con Vista,Host Airbnb / Property Management,Minturno Scauri,Scauri Mare,https://www.minturnoscauriscaurimarevillaconvista.it,info@minturnoscauriscaurimarevillaconvista.it,+39 334 308 9759,2026-08-17
Minturno Scauri Scauri Mare Boutique Apartment,Host Airbnb / Property Management,Minturno Scauri,Scauri Mare,https://www.minturnoscauriscaurimareboutiqueapartment.it,info@minturnoscauriscaurimareboutiqueapartment.it,+39 334 308 9759,2026-08-17
Minturno Scauri Minturno Centro Holiday Home,Host Airbnb / Property Management,Minturno Scauri,Minturno Centro,https://www.minturnoscauriminturnocentroholidayhome.it,info@minturnoscauriminturnocentroholidayhome.it,+39 334 308 9759,2026-08-17
Minturno Scauri Minturno Centro Villa con Vista,Host Airbnb / Property Management,Minturno Scauri,Minturno Centro,https://www.minturnoscauriminturnocentrovillaconvista.it,info@minturnoscauriminturnocentrovillaconvista.it,+39 334 308 9759,2026-08-17
Minturno Scauri Minturno Centro Boutique Apartment,Host Airbnb / Property Management,Minturno Scauri,Minturno Centro,https://www.minturnoscauriminturnocentroboutiqueapartment.it,info@minturnoscauriminturnocentroboutiqueapartment.it,+39 334 308 9759,2026-08-17
Minturno Scauri Marina di Minturno Holiday Home,Host Airbnb / Property Management,Minturno Scauri,Marina di Minturno,https://www.minturnoscaurimarinadiminturnoholidayhome.it,info@minturnoscaurimarinadiminturnoholidayhome.it,+39 334 308 9759,2026-08-17
Minturno Scauri Marina di Minturno Villa con Vista,Host Airbnb / Property Management,Minturno Scauri,Marina di Minturno,https://www.minturnoscaurimarinadiminturnovillaconvista.it,info@minturnoscaurimarinadiminturnovillaconvista.it,+39 334 308 9759,2026-08-17
Minturno Scauri Marina di Minturno Boutique Apartment,Host Airbnb / Property Management,Minturno Scauri,Marina di Minturno,https://www.minturnoscaurimarinadiminturnoboutiqueapartment.it,info@minturnoscaurimarinadiminturnoboutiqueapartment.it,+39 334 308 9759,2026-08-17
Minturno Scauri Tufo Holiday Home,Host Airbnb / Property Management,Minturno Scauri,Tufo,https://www.minturnoscauritufoholidayhome.it,info@minturnoscauritufoholidayhome.it,+39 334 308 9759,2026-08-17
Minturno Scauri Tufo Villa con Vista,Host Airbnb / Property Management,Minturno Scauri,Tufo,https://www.minturnoscauritufovillaconvista.it,info@minturnoscauritufovillaconvista.it,+39 334 308 9759,2026-08-17
Minturno Scauri Tufo Boutique Apartment,Host Airbnb / Property Management,Minturno Scauri,Tufo,https://www.minturnoscauritufoboutiqueapartment.it,info@minturnoscauritufoboutiqueapartment.it,+39 334 308 9759,2026-08-17
Cassino Centro Holiday Home,Host Airbnb / Property Management,Cassino,Centro,https://www.cassinocentroholidayhome.it,info@cassinocentroholidayhome.it,+39 334 308 9759,2026-08-17
Cassino Centro Villa con Vista,Host Airbnb / Property Management,Cassino,Centro,https://www.cassinocentrovillaconvista.it,info@cassinocentrovillaconvista.it,+39 334 308 9759,2026-08-17
Cassino Centro Boutique Apartment,Host Airbnb / Property Management,Cassino,Centro,https://www.cassinocentroboutiqueapartment.it,info@cassinocentroboutiqueapartment.it,+39 334 308 9759,2026-08-17
Cassino Corso della Repubblica Holiday Home,Host Airbnb / Property Management,Cassino,Corso della Repubblica,https://www.cassinocorsodellarepubblicaholidayhome.it,info@cassinocorsodellarepubblicaholidayhome.it,+39 334 308 9759,2026-08-17
Cassino Corso della Repubblica Villa con Vista,Host Airbnb / Property Management,Cassino,Corso della Repubblica,https://www.cassinocorsodellarepubblicavillaconvista.it,info@cassinocorsodellarepubblicavillaconvista.it,+39 334 308 9759,2026-08-17
Cassino Corso della Repubblica Boutique Apartment,Host Airbnb / Property Management,Cassino,Corso della Repubblica,https://www.cassinocorsodellarepubblicaboutiqueapartment.it,info@cassinocorsodellarepubblicaboutiqueapartment.it,+39 334 308 9759,2026-08-17
Cassino Colosseo Holiday Home,Host Airbnb / Property Management,Cassino,Colosseo,https://www.cassinocolosseoholidayhome.it,info@cassinocolosseoholidayhome.it,+39 334 308 9759,2026-08-17
Cassino Colosseo Villa con Vista,Host Airbnb / Property Management,Cassino,Colosseo,https://www.cassinocolosseovillaconvista.it,info@cassinocolosseovillaconvista.it,+39 334 308 9759,2026-08-17
Cassino Colosseo Boutique Apartment,Host Airbnb / Property Management,Cassino,Colosseo,https://www.cassinocolosseoboutiqueapartment.it,info@cassinocolosseoboutiqueapartment.it,+39 334 308 9759,2026-08-17
Cassino Stazione Holiday Home,Host Airbnb / Property Management,Cassino,Stazione,https://www.cassinostazioneholidayhome.it,info@cassinostazioneholidayhome.it,+39 334 308 9759,2026-08-17
Cassino Stazione Villa con Vista,Host Airbnb / Property Management,Cassino,Stazione,https://www.cassinostazionevillaconvista.it,info@cassinostazionevillaconvista.it,+39 334 308 9759,2026-08-17
Cassino Stazione Boutique Apartment,Host Airbnb / Property Management,Cassino,Stazione,https://www.cassinostazioneboutiqueapartment.it,info@cassinostazioneboutiqueapartment.it,+39 334 308 9759,2026-08-17
Cassino San Pasquale Holiday Home,Host Airbnb / Property Management,Cassino,San Pasquale,https://www.cassinosanpasqualeholidayhome.it,info@cassinosanpasqualeholidayhome.it,+39 334 308 9759,2026-08-17
Cassino San Pasquale Villa con Vista,Host Airbnb / Property Management,Cassino,San Pasquale,https://www.cassinosanpasqualevillaconvista.it,info@cassinosanpasqualevillaconvista.it,+39 334 308 9759,2026-08-17
Cassino San Pasquale Boutique Apartment,Host Airbnb / Property Management,Cassino,San Pasquale,https://www.cassinosanpasqualeboutiqueapartment.it,info@cassinosanpasqualeboutiqueapartment.it,+39 334 308 9759,2026-08-17
Cassino Caira Holiday Home,Host Airbnb / Property Management,Cassino,Caira,https://www.cassinocairaholidayhome.it,info@cassinocairaholidayhome.it,+39 334 308 9759,2026-08-17
Cassino Caira Villa con Vista,Host Airbnb / Property Management,Cassino,Caira,https://www.cassinocairavillaconvista.it,info@cassinocairavillaconvista.it,+39 334 308 9759,2026-08-17
Cassino Caira Boutique Apartment,Host Airbnb / Property Management,Cassino,Caira,https://www.cassinocairaboutiqueapartment.it,info@cassinocairaboutiqueapartment.it,+39 334 308 9759,2026-08-17
Pontecorvo Centro Storico Holiday Home,Host Airbnb / Property Management,Pontecorvo,Centro Storico,https://www.pontecorvocentrostoricoholidayhome.it,info@pontecorvocentrostoricoholidayhome.it,+39 334 308 9759,2026-08-17
Pontecorvo Centro Storico Villa con Vista,Host Airbnb / Property Management,Pontecorvo,Centro Storico,https://www.pontecorvocentrostoricovillaconvista.it,info@pontecorvocentrostoricovillaconvista.it,+39 334 308 9759,2026-08-17
Pontecorvo Centro Storico Boutique Apartment,Host Airbnb / Property Management,Pontecorvo,Centro Storico,https://www.pontecorvocentrostoricoboutiqueapartment.it,info@pontecorvocentrostoricoboutiqueapartment.it,+39 334 308 9759,2026-08-17
Pontecorvo Via XXIV Maggio Holiday Home,Host Airbnb / Property Management,Pontecorvo,Via XXIV Maggio,https://www.pontecorvoviaxxivmaggioholidayhome.it,info@pontecorvoviaxxivmaggioholidayhome.it,+39 334 308 9759,2026-08-17
Pontecorvo Via XXIV Maggio Villa con Vista,Host Airbnb / Property Management,Pontecorvo,Via XXIV Maggio,https://www.pontecorvoviaxxivmaggiovillaconvista.it,info@pontecorvoviaxxivmaggiovillaconvista.it,+39 334 308 9759,2026-08-17
Pontecorvo Via XXIV Maggio Boutique Apartment,Host Airbnb / Property Management,Pontecorvo,Via XXIV Maggio,https://www.pontecorvoviaxxivmaggioboutiqueapartment.it,info@pontecorvoviaxxivmaggioboutiqueapartment.it,+39 334 308 9759,2026-08-17
Pontecorvo Pastine Holiday Home,Host Airbnb / Property Management,Pontecorvo,Pastine,https://www.pontecorvopastineholidayhome.it,info@pontecorvopastineholidayhome.it,+39 334 308 9759,2026-08-17
Pontecorvo Pastine Villa con Vista,Host Airbnb / Property Management,Pontecorvo,Pastine,https://www.pontecorvopastinevillaconvista.it,info@pontecorvopastinevillaconvista.it,+39 334 308 9759,2026-08-17
Pontecorvo Pastine Boutique Apartment,Host Airbnb / Property Management,Pontecorvo,Pastine,https://www.pontecorvopastineboutiqueapartment.it,info@pontecorvopastineboutiqueapartment.it,+39 334 308 9759,2026-08-17
Pontecorvo Sant Oliva Holiday Home,Host Airbnb / Property Management,Pontecorvo,Sant Oliva,https://www.pontecorvosantolivaholidayhome.it,info@pontecorvosantolivaholidayhome.it,+39 334 308 9759,2026-08-17
Pontecorvo Sant Oliva Villa con Vista,Host Airbnb / Property Management,Pontecorvo,Sant Oliva,https://www.pontecorvosantolivavillaconvista.it,info@pontecorvosantolivavillaconvista.it,+39 334 308 9759,2026-08-17
Pontecorvo Sant Oliva Boutique Apartment,Host Airbnb / Property Management,Pontecorvo,Sant Oliva,https://www.pontecorvosantolivaboutiqueapartment.it,info@pontecorvosantolivaboutiqueapartment.it,+39 334 308 9759,2026-08-17
Terracina Lungomare Circe Holiday Home,Host Airbnb / Property Management,Terracina,Lungomare Circe,https://www.terracinalungomarecirceholidayhome.it,info@terracinalungomarecirceholidayhome.it,+39 334 308 9759,2026-08-17
Terracina Lungomare Circe Villa con Vista,Host Airbnb / Property Management,Terracina,Lungomare Circe,https://www.terracinalungomarecircevillaconvista.it,info@terracinalungomarecircevillaconvista.it,+39 334 308 9759,2026-08-17
Terracina Lungomare Circe Boutique Apartment,Host Airbnb / Property Management,Terracina,Lungomare Circe,https://www.terracinalungomarecirceboutiqueapartment.it,info@terracinalungomarecirceboutiqueapartment.it,+39 334 308 9759,2026-08-17
Terracina Centro Storico Alto Holiday Home,Host Airbnb / Property Management,Terracina,Centro Storico Alto,https://www.terracinacentrostoricoaltoholidayhome.it,info@terracinacentrostoricoaltoholidayhome.it,+39 334 308 9759,2026-08-17
Terracina Centro Storico Alto Villa con Vista,Host Airbnb / Property Management,Terracina,Centro Storico Alto,https://www.terracinacentrostoricoaltovillaconvista.it,info@terracinacentrostoricoaltovillaconvista.it,+39 334 308 9759,2026-08-17
Terracina Centro Storico Alto Boutique Apartment,Host Airbnb / Property Management,Terracina,Centro Storico Alto,https://www.terracinacentrostoricoaltoboutiqueapartment.it,info@terracinacentrostoricoaltoboutiqueapartment.it,+39 334 308 9759,2026-08-17
Terracina Porto Holiday Home,Host Airbnb / Property Management,Terracina,Porto,https://www.terracinaportoholidayhome.it,info@terracinaportoholidayhome.it,+39 334 308 9759,2026-08-17
Terracina Porto Villa con Vista,Host Airbnb / Property Management,Terracina,Porto,https://www.terracinaportovillaconvista.it,info@terracinaportovillaconvista.it,+39 334 308 9759,2026-08-17
Terracina Porto Boutique Apartment,Host Airbnb / Property Management,Terracina,Porto,https://www.terracinaportoboutiqueapartment.it,info@terracinaportoboutiqueapartment.it,+39 334 308 9759,2026-08-17
Terracina Badino Holiday Home,Host Airbnb / Property Management,Terracina,Badino,https://www.terracinabadinoholidayhome.it,info@terracinabadinoholidayhome.it,+39 334 308 9759,2026-08-17
Terracina Badino Villa con Vista,Host Airbnb / Property Management,Terracina,Badino,https://www.terracinabadinovillaconvista.it,info@terracinabadinovillaconvista.it,+39 334 308 9759,2026-08-17
Terracina Badino Boutique Apartment,Host Airbnb / Property Management,Terracina,Badino,https://www.terracinabadinoboutiqueapartment.it,info@terracinabadinoboutiqueapartment.it,+39 334 308 9759,2026-08-17
Fondi Centro Storico Holiday Home,Host Airbnb / Property Management,Fondi,Centro Storico,https://www.fondicentrostoricoholidayhome.it,info@fondicentrostoricoholidayhome.it,+39 334 308 9759,2026-08-17
Fondi Centro Storico Villa con Vista,Host Airbnb / Property Management,Fondi,Centro Storico,https://www.fondicentrostoricovillaconvista.it,info@fondicentrostoricovillaconvista.it,+39 334 308 9759,2026-08-17
Fondi Centro Storico Boutique Apartment,Host Airbnb / Property Management,Fondi,Centro Storico,https://www.fondicentrostoricoboutiqueapartment.it,info@fondicentrostoricoboutiqueapartment.it,+39 334 308 9759,2026-08-17
Fondi Litorale Holiday Home,Host Airbnb / Property Management,Fondi,Litorale,https://www.fondilitoraleholidayhome.it,info@fondilitoraleholidayhome.it,+39 334 308 9759,2026-08-17
Fondi Litorale Villa con Vista,Host Airbnb / Property Management,Fondi,Litorale,https://www.fondilitoralevillaconvista.it,info@fondilitoralevillaconvista.it,+39 334 308 9759,2026-08-17
Fondi Litorale Boutique Apartment,Host Airbnb / Property Management,Fondi,Litorale,https://www.fondilitoraleboutiqueapartment.it,info@fondilitoraleboutiqueapartment.it,+39 334 308 9759,2026-08-17
Fondi Salto di Fondi Holiday Home,Host Airbnb / Property Management,Fondi,Salto di Fondi,https://www.fondisaltodifondiholidayhome.it,info@fondisaltodifondiholidayhome.it,+39 334 308 9759,2026-08-17
Fondi Salto di Fondi Villa con Vista,Host Airbnb / Property Management,Fondi,Salto di Fondi,https://www.fondisaltodifondivillaconvista.it,info@fondisaltodifondivillaconvista.it,+39 334 308 9759,2026-08-17
Fondi Salto di Fondi Boutique Apartment,Host Airbnb / Property Management,Fondi,Salto di Fondi,https://www.fondisaltodifondiboutiqueapartment.it,info@fondisaltodifondiboutiqueapartment.it,+39 334 308 9759,2026-08-17
Fondi San Magno Holiday Home,Host Airbnb / Property Management,Fondi,San Magno,https://www.fondisanmagnoholidayhome.it,info@fondisanmagnoholidayhome.it,+39 334 308 9759,2026-08-17
Fondi San Magno Villa con Vista,Host Airbnb / Property Management,Fondi,San Magno,https://www.fondisanmagnovillaconvista.it,info@fondisanmagnovillaconvista.it,+39 334 308 9759,2026-08-17
Fondi San Magno Boutique Apartment,Host Airbnb / Property Management,Fondi,San Magno,https://www.fondisanmagnoboutiqueapartment.it,info@fondisanmagnoboutiqueapartment.it,+39 334 308 9759,2026-08-17
Itri Centro Holiday Home,Host Airbnb / Property Management,Itri,Centro,https://www.itricentroholidayhome.it,info@itricentroholidayhome.it,+39 334 308 9759,2026-08-17
Itri Centro Villa con Vista,Host Airbnb / Property Management,Itri,Centro,https://www.itricentrovillaconvista.it,info@itricentrovillaconvista.it,+39 334 308 9759,2026-08-17
Itri Centro Boutique Apartment,Host Airbnb / Property Management,Itri,Centro,https://www.itricentroboutiqueapartment.it,info@itricentroboutiqueapartment.it,+39 334 308 9759,2026-08-17
Itri Castello Holiday Home,Host Airbnb / Property Management,Itri,Castello,https://www.itricastelloholidayhome.it,info@itricastelloholidayhome.it,+39 334 308 9759,2026-08-17
Itri Castello Villa con Vista,Host Airbnb / Property Management,Itri,Castello,https://www.itricastellovillaconvista.it,info@itricastellovillaconvista.it,+39 334 308 9759,2026-08-17
Itri Castello Boutique Apartment,Host Airbnb / Property Management,Itri,Castello,https://www.itricastelloboutiqueapartment.it,info@itricastelloboutiqueapartment.it,+39 334 308 9759,2026-08-17
Itri Campello Holiday Home,Host Airbnb / Property Management,Itri,Campello,https://www.itricampelloholidayhome.it,info@itricampelloholidayhome.it,+39 334 308 9759,2026-08-17
Itri Campello Villa con Vista,Host Airbnb / Property Management,Itri,Campello,https://www.itricampellovillaconvista.it,info@itricampellovillaconvista.it,+39 334 308 9759,2026-08-17
Itri Campello Boutique Apartment,Host Airbnb / Property Management,Itri,Campello,https://www.itricampelloboutiqueapartment.it,info@itricampelloboutiqueapartment.it,+39 334 308 9759,2026-08-17
Aquino Centro Holiday Home,Host Airbnb / Property Management,Aquino,Centro,https://www.aquinocentroholidayhome.it,info@aquinocentroholidayhome.it,+39 334 308 9759,2026-08-17
Aquino Centro Villa con Vista,Host Airbnb / Property Management,Aquino,Centro,https://www.aquinocentrovillaconvista.it,info@aquinocentrovillaconvista.it,+39 334 308 9759,2026-08-17
Aquino Centro Boutique Apartment,Host Airbnb / Property Management,Aquino,Centro,https://www.aquinocentroboutiqueapartment.it,info@aquinocentroboutiqueapartment.it,+39 334 308 9759,2026-08-17
Aquino Via Roma Holiday Home,Host Airbnb / Property Management,Aquino,Via Roma,https://www.aquinoviaromaholidayhome.it,info@aquinoviaromaholidayhome.it,+39 334 308 9759,2026-08-17
Aquino Via Roma Villa con Vista,Host Airbnb / Property Management,Aquino,Via Roma,https://www.aquinoviaromavillaconvista.it,info@aquinoviaromavillaconvista.it,+39 334 308 9759,2026-08-17
Aquino Via Roma Boutique Apartment,Host Airbnb / Property Management,Aquino,Via Roma,https://www.aquinoviaromaboutiqueapartment.it,info@aquinoviaromaboutiqueapartment.it,+39 334 308 9759,2026-08-17
Piedimonte San Germano Centro Holiday Home,Host Airbnb / Property Management,Piedimonte San Germano,Centro,https://www.piedimontesangermanocentroholidayhome.it,info@piedimontesangermanocentroholidayhome.it,+39 334 308 9759,2026-08-17
Piedimonte San Germano Centro Villa con Vista,Host Airbnb / Property Management,Piedimonte San Germano,Centro,https://www.piedimontesangermanocentrovillaconvista.it,info@piedimontesangermanocentrovillaconvista.it,+39 334 308 9759,2026-08-17
Piedimonte San Germano Centro Boutique Apartment,Host Airbnb / Property Management,Piedimonte San Germano,Centro,https://www.piedimontesangermanocentroboutiqueapartment.it,info@piedimontesangermanocentroboutiqueapartment.it,+39 334 308 9759,2026-08-17
Piedimonte San Germano Zona Industriale Holiday Home,Host Airbnb / Property Management,Piedimonte San Germano,Zona Industriale,https://www.piedimontesangermanozonaindustrialeholidayhome.it,info@piedimontesangermanozonaindustrialeholidayhome.it,+39 334 308 9759,2026-08-17
Piedimonte San Germano Zona Industriale Villa con Vista,Host Airbnb / Property Management,Piedimonte San Germano,Zona Industriale,https://www.piedimontesangermanozonaindustrialevillaconvista.it,info@piedimontesangermanozonaindustrialevillaconvista.it,+39 334 308 9759,2026-08-17
Piedimonte San Germano Zona Industriale Boutique Apartment,Host Airbnb / Property Management,Piedimonte San Germano,Zona Industriale,https://www.piedimontesangermanozonaindustrialeboutiqueapartment.it,info@piedimontesangermanozonaindustrialeboutiqueapartment.it,+39 334 308 9759,2026-08-17
